社会热点,topic,gdp,view point,finance news,global times,trump,news,financial planning,,,,,,,,,,,,,,,,,,,,,,,,,,,,,,,,,,,,,,,,,,,,,,,,,,,,
真实案件,anneliese michel,true story,ufo,paranormal,reasoning,story telling,suspense,fbi,the black dahlia,criminal minds,detective conan,urban legend,cia,mystery,nsa,,,,,,,,,,,,,,,,,,,,,,,,,,,,,,,,,,,,,,,,,,,,,
奇闻怪事,guishu,unsolved mysteries,anneliese michel,unexplained,paranormal,supernatural,ufo,story telling,reasoning,suspense,mystery,detective conan,city legend,,,,,,,,,,,,,,,,,,,,,,,,,,,,,,,,,,,,,,,,,,,,,,,
正能量,motivational video,,,,,,,,,,,,,,,,,,,,,,,,,,,,,,,,,,,,,,,,,,,,,,,,,,,,,,,,,,,
人物,yitiao,yitiaotv,,,,,,,,,,,,,,,,,,,,,,,,,,,,,,,,,,,,,,,,,,,,,,,,,,,,,,,,,,
社会实验,asia society china,social experiment,street interviews,,,,,,,,,,,,,,,,,,,,,,,,,,,,,,,,,,,,,,,,,,,,,,,,,,,,,,,,,
时评,topic,view point,finance news,global times,investigate,trump,apple news,,,,,,,,,,,,,,,,,,,,,,,,,,,,,,,,,,,,,,,,,,,,,,,,,,,,,
交通事故,car accident,traffic accident,car crash,safe drving cars,road rage,truck,driving fails 2020,car fail,traffic crash;,car fails,,,,,,,,,,,,,,,,,,,,,,,,,,,,,,,,,,,,,,,,,,,,,,,,,,
灾害,,,,,,,,,,,,,,,,,,,,,,,,,,,,,,,,,,,,,,,,,,,,,,,,,,,,,,,,,,,,
短片,vedio,short movie,,,,,,,,,,,,,,,,,,,,,,,,,,,,,,,,,,,,,,,,,,,,,,,,,,,,,,,,,,
剪辑片段,,,,,,,,,,,,,,,,,,,,,,,,,,,,,,,,,,,,,,,,,,,,,,,,,,,,,,,,,,,,
预告片,movie trailer,,,,,,,,,,,,,,,,,,,,,,,,,,,,,,,,,,,,,,,,,,,,,,,,,,,,,,,,,,,
幕后花絮,audition,,,,,,,,,,,,,,,,,,,,,,,,,,,,,,,,,,,,,,,,,,,,,,,,,,,,,,,,,,,
影评,movie review,chinese movie,wasabidrama,china movie,chinamovie,chinese film,romance movie,chinesemovie,chinafilm,2019 movies,movie,chinesefilm,china film,chinese romance movie,,,,,,,,,,,,,,,,,,,,,,,,,,,,,,,,,,,,,,,,,,,,,,
影视解说,chinese movie,movie review,wasabidrama,china movie,chinamovie,chinese film,chinesemovie,movie,chinese action movie,2019 movies,chinafilm,romance movie,chinesefilm,criminal minds,action movie,china film,free movies,mini film,chinese romance movie,,,,,,,,,,,,,,,,,,,,,,,,,,,,,,,,,,,,,,,,,
影视混剪,,,,,,,,,,,,,,,,,,,,,,,,,,,,,,,,,,,,,,,,,,,,,,,,,,,,,,,,,,,,
影视资讯,chinese movie,movie review,china movie,chinamovie,chinese film,youtube movie,youtube movie free,chinesemovie,romance movie,chinesefilm,chinafilm,chinese action movie,movie,2019 movies,youtube movies,chinese movies,china film,,,,,,,,,,,,,,,,,,,,,,,,,,,,,,,,,,,,,,,,,,,
大陆电视剧,ashes of love,kiss scene,mr honesty,dance of the phoenix,eighth route army,,,,,,,,,,,,,,,,,,,,,,,,,,,,,,,,,,,,,,,,,,,,,,,,,,,,,,,
大陆电影,chinese movie,china movie,chinamovie,chinesemovie,chinese film,chinesefilm,chinafilm,china film,chinese action movie,,,,,,,,,,,,,,,,,,,,,,,,,,,,,,,,,,,,,,,,,,,,,,,,,,,
美剧,a song of ice and fire,,,,,,,,,,,,,,,,,,,,,,,,,,,,,,,,,,,,,,,,,,,,,,,,,,,,,,,,,,,
科幻片,justice league,ironman,starwar,iron man,captain america,avengers,hellboy (fictional character),avengers endgame,black widow,batman,thor,thanos,endgame,infinity war,spider man,hellboy,the avengers,the batman,darkphenix,captain marvel,hulk,x-men,far from home,tony stark,oliver queen,black panther,iron man 2 (film),emergency awesome,slade wilson,spider-man,jeangrey,a song of ice and fire,superman,,,,,,,,,,,,,,,,,,,,,,,,,,,
武侠剧,,,,,,,,,,,,,,,,,,,,,,,,,,,,,,,,,,,,,,,,,,,,,,,,,,,,,,,,,,,,
偶像剧,ashes of love,cdrama,mr honesty,dilireba,wang yibo,,,,,,,,,,,,,,,,,,,,,,,,,,,,,,,,,,,,,,,,,,,,,,,,,,,,,,,
内地综艺,rap competition show,rapstar,,,,,,,,,,,,,,,,,,,,,,,,,,,,,,,,,,,,,,,,,,,,,,,,,,,,,,,,,,
港台综艺,talk show,entertainment shows,variety show,entertainment program,,,,,,,,,,,,,,,,,,,,,,,,,,,,,,,,,,,,,,,,,,,,,,,,,,,,,,,,
韩国综艺,inkigayo,케이팝,걸그룹,,,,,,,,,,,,,,,,,,,,,,,,,,,,,,,,,,,,,,,,,,,,,,,,,,,,,,,,,
日本综艺,,,,,,,,,,,,,,,,,,,,,,,,,,,,,,,,,,,,,,,,,,,,,,,,,,,,,,,,,,,,
欧美综艺,simon cowell,agt,"""americas got talent""",howie mandel,terry crews,xfactor,"""americas got talent 2020""",got talent global,"""americas got talent best""",x factor 2019,x-factor,x factor uk 2019,idol singers,x factor uk,american idol,the x factor,got talent (tv program),real like you,worst auditions,unwritten rule,funniest auditions,x factor final,x factor the band final,x factor the band,heidi klum,agt best auditions,"""britains got talent""",idols auditions,best magic,amazing auditions,x factor,bgt,agt 2020,nicole scherzinger,idols global,best auditions,how to dribble,auditions judges season 15,magicians got talent,"""britains got talent 2020""",,,,,,,,,,,,,,,,,,,,
真人秀,the rap of china,chinese dj remix 2019,wang yibo,cai xukun,the voice of china,yangchaoyue,tfboys,yamy,angelababy,chuang2020,wang yi bo,,,,,,,,,,,,,,,,,,,,,,,,,,,,,,,,,,,,,,,,,,,,,,,,,
脱口秀,talk show,talkshow,trevor noah talk show,,,,,,,,,,,,,,,,,,,,,,,,,,,,,,,,,,,,,,,,,,,,,,,,,,,,,,,,,
杂技,,,,,,,,,,,,,,,,,,,,,,,,,,,,,,,,,,,,,,,,,,,,,,,,,,,,,,,,,,,,
魔术,매직,마법,マジック,poker,magician,magicrevelation,マジシャン,magic tricks,,,,,,,,,,,,,,,,,,,,,,,,,,,,,,,,,,,,,,,,,,,,,,,,,,,,
相声,guodegang,xiangsheng,yuqian,,,,,,,,,,,,,,,,,,,,,,,,,,,,,,,,,,,,,,,,,,,,,,,,,,,,,,,,,
小品,comedian,chinese comedy,chinese comedian,,,,,,,,,,,,,,,,,,,,,,,,,,,,,,,,,,,,,,,,,,,,,,,,,,,,,,,,,
广播,87.6,,,,,,,,,,,,,,,,,,,,,,,,,,,,,,,,,,,,,,,,,,,,,,,,,,,,,,,,,,,
内地娱乐,jinxing‘stalk,kris wu,snh48,the rap of china,tfboys,chuang2020,wang yibo,nene,angelababy,yibo,song qian,rocket girls 101,yangchaoyue,jackson wang,idolproducer,unine,xiaozhan,produce camp2020,g.e.m.,,,,,,,,,,,,,,,,,,,,,,,,,,,,,,,,,,,,,,,,,
港台娱乐,g.e.m.,kris wu,a-lin,jay chou,jjlin,hebe,chou,jay,jaychou,alin,snh48,dd52,s.h.e,jolin,,,,,,,,,,,,,,,,,,,,,,,,,,,,,,,,,,,,,,,,,,,,,,
东南亚娱乐,lisa,,,,,,,,,,,,,,,,,,,,,,,,,,,,,,,,,,,,,,,,,,,,,,,,,,,,,,,,,,,
韩国娱乐,dahyun,tzuyu,jeongyeon,chaeyoung,쯔위,mina,sana,twice tzuyu,izone,produce48,jyp,トゥワイス,itzy,twice,커버댄스,yes i am tzuyu,mnet,chou tzuyu,j-hope,nct,inkigayo,iz*one,chaeyeong,twice mina,,,,,,,,,,,,,,,,,,,,,,,,,,,,,,,,,,,,
日本娱乐,ななみん,まいやん,ななせまる,いくちゃん,あしゅ,まなったん,のぎおび,さゆにゃん,hkt48,nogizaka,さゆりん,zambi,オードリー,さゆりんご,keyakizaka46,みなみん,あしゅりん,どいやさん,かずみん,まっちゅん,ske48,nmb48,hkt,ドレミソラシド,,,,,,,,,,,,,,,,,,,,,,,,,,,,,,,,,,,,
欧美娱乐,et online,etonline,entertainment tonight,et tonight,,,,,,,,,,,,,,,,,,,,,,,,,,,,,,,,,,,,,,,,,,,,,,,,,,,,,,,,
选秀,nene,r1se,chuang2020,curleygao,rocket girls 101,liuxiening,zhaoyue,snh48,luhan,오선의,chenzhuoxuan,rocket girls,xuan yi,nine percent,unine,produce 101 china,ztao,yamy,produce camp,super novae games,produce camp2020,chuang eng,joyce chu,ninepercent,zhangyifan,wangyijn,yangchaoyue,lu han,เนเน่,sunnee,produce 101,producecamp2020,mao bu yi,zhang yifan,streetdanceofchina,dance of the phoenix,nex7,idol producer,liu xiening,produce camp2019,song qian,chen zhuoxuan,,,,,,,,,,,,,,,,,,
红毯,grammy red carpet,grammys red carpet,2020 grammys,62nd grammys,grammy,grammys,grammy awards,victoria,,,,,,,,,,,,,,,,,,,,,,,,,,,,,,,,,,,,,,,,,,,,,,,,,,,,
娱乐产业,,,,,,,,,,,,,,,,,,,,,,,,,,,,,,,,,,,,,,,,,,,,,,,,,,,,,,,,,,,,
网络红人,cover girl,viner,,,,,,,,,,,,,,,,,,,,,,,,,,,,,,,,,,,,,,,,,,,,,,,,,,,,,,,,,,
搞笑日常,howfun,our tv,dd.w,hxa,,,,,,,,,,,,,,,,,,,,,,,,,,,,,,,,,,,,,,,,,,,,,,,,,,,,,,,,
街访,street interviews,,,,,,,,,,,,,,,,,,,,,,,,,,,,,,,,,,,,,,,,,,,,,,,,,,,,,,,,,,,
鬼畜,,,,,,,,,,,,,,,,,,,,,,,,,,,,,,,,,,,,,,,,,,,,,,,,,,,,,,,,,,,,
段子,stand up comedy,standupcomedy,,,,,,,,,,,,,,,,,,,,,,,,,,,,,,,,,,,,,,,,,,,,,,,,,,,,,,,,,,
搞笑短片,tgop,comedian,,,,,,,,,,,,,,,,,,,,,,,,,,,,,,,,,,,,,,,,,,,,,,,,,,,,,,,,,,
恶搞,pranks,funny pranks,best pranks,prank video,how to prank,prank wars,school pranks,diy pranks,humor video,laugh,joke,dashen,funny prank,,,,,,,,,,,,,,,,,,,,,,,,,,,,,,,,,,,,,,,,,,,,,,,
国漫,wuxiaworld,wu dong qian kun,wuxia,martial world,a will eternal,desolate era,one punch man,chinese animation,one punch-man,gon the stone age boy,,,,,,,,,,,,,,,,,,,,,,,,,,,,,,,,,,,,,,,,,,,,,,,,,,
日漫,asmv,luffy,one piece,ドッカンバトル,dragonball,ayaki rui,onepiece まとめ,kumasan,acg,detective conan,ルフィ,dragonballlegends,カイドウ,xenos,dbz,amv,dragon ball,ssj,dragon ball super,ギャルゲー,broly,animeunity,kamado tanjirou,ワンピース ネタバレ,naruto,dblegends,sakura school simulator,dokkanbattle,ssgss,カカロット,ビッグマム,bleach brave souls,,,,,,,,,,,,,,,,,,,,,,,,,,,,
美漫,,,,,,,,,,,,,,,,,,,,,,,,,,,,,,,,,,,,,,,,,,,,,,,,,,,,,,,,,,,,
番剧,カナヲ,はしびらいのすけ,しのぶ,こちょうしのぶ,tanjirou,zenitsu,demon slayer,inosuke,きめつのやいば,とみおかぎゆう,demonslayer,かまどたんじろう,kimetsu no yaiba,tanjiro,きめつ,ayaki rui,kamado nezuko,ネタばれ,kimetsu,onepiece まとめ,onepiece,kamado tanjirou,kimetsunoyaiba,anime herbalegg,shinobu,やまちゃん,アクノロギア,giyuu,もしアニ,demon,ルフィ,mitsuri,asmv,,,,,,,,,,,,,,,,,,,,,,,,,,,
动漫教学,,,,,,,,,,,,,,,,,,,,,,,,,,,,,,,,,,,,,,,,,,,,,,,,,,,,,,,,,,,,
cosplay,coser,cosplay,cos,cosplay 2020,cosplay music video,cosplayer,댄스 커버,miraculous ladybug cosplay,anime cosplay,アイデンティティⅤ,critical role cosplay,disney cosplay,marvel cosplay,cosplay dance,my hero academia cosplay,ab project,lolita,cosplay makeup,cosplay queen,,,,,,,,,,,,,,,,,,,,,,,,,,,,,,,,,,,,,,,,,
ASMR,mukbang asmr,asmr mukbang,asmr no talking,asmr 먹방,먹방 asmr,eating sound,eating sounds,sas-asmr,asmr eating,asmr food,asmr ice cream,jane asmr,korean asmr,ice cream asmr,asmr chinese,eating asmr,asmr eating sounds,asmr jelly,asmr sleep,asmrextreme,,,,,,,,,,,,,,,,,,,,,,,,,,,,,,,,,,,,,,,,
MMD,mikumikudance,ｍｍｄ,ＭＭＤ,mmdドラマ,mmd,,,,,,,,,,,,,,,,,,,,,,,,,,,,,,,,,,,,,,,,,,,,,,,,,,,,,,,
Q版,,,,,,,,,,,,,,,,,,,,,,,,,,,,,,,,,,,,,,,,,,,,,,,,,,,,,,,,,,,,
OP,,,,,,,,,,,,,,,,,,,,,,,,,,,,,,,,,,,,,,,,,,,,,,,,,,,,,,,,,,,,
ED,,,,,,,,,,,,,,,,,,,,,,,,,,,,,,,,,,,,,,,,,,,,,,,,,,,,,,,,,,,,
汉服,hanfu,china ancient clothing,chinese makeup,chinese beauty,traditional chinese makeup,chinese make-up,,,,,,,,,,,,,,,,,,,,,,,,,,,,,,,,,,,,,,,,,,,,,,,,,,,,,,
洛丽塔,lolita fashion,lolita,lolitafashion,anime cosplay,,,,,,,,,,,,,,,,,,,,,,,,,,,,,,,,,,,,,,,,,,,,,,,,,,,,,,,,
JK制服,,,,,,,,,,,,,,,,,,,,,,,,,,,,,,,,,,,,,,,,,,,,,,,,,,,,,,,,,,,,
女仆装,cosplay 2020,cos,anime cosplay,lolita fashion,lolita,lolitafashion,cosplay queen,,,,,,,,,,,,,,,,,,,,,,,,,,,,,,,,,,,,,,,,,,,,,,,,,,,,,
宅舞,cosplay dance,,,,,,,,,,,,,,,,,,,,,,,,,,,,,,,,,,,,,,,,,,,,,,,,,,,,,,,,,,,
手办,gundam,ガンプラ,plastic models,hottoys,,,,,,,,,,,,,,,,,,,,,,,,,,,,,,,,,,,,,,,,,,,,,,,,,,,,,,,,
娃娃bjd,doll,bjd,s.h.figuarts,disney princess,,,,,,,,,,,,,,,,,,,,,,,,,,,,,,,,,,,,,,,,,,,,,,,,,,,,,,,,
动漫解说,kumasan,asmv,lex,best anime,anime herbalegg,lexburner,acg,one punch man,one punch-man,ayaki rui,dokkanbattle,xenos,overlord,mad.amv,luffy,animeunity,motion comic,dblegends,one-punch man: road to hero,ワンピース ネタバレ,dragonballlegends,dokkan battle,ワンピースネタバレ,one-punch man,mel blanc,amv,ashhh,todaymanhua,onepiece まとめ,battle through the heavens,ワールドミッション,カカロット,nuclear fusion gon,bleach brave souls,ssj,slamdunk,,,,,,,,,,,,,,,,,,,,,,,,
特摄,ultraman orb dark,ultraman,ultraman blu,ultraman rosso,ultraman z,kamenrider,kamen rider,ウルトラマンタロウ,,,,,,,,,,,,,,,,,,,,,,,,,,,,,,,,,,,,,,,,,,,,,,,,,,,,
声优,すとぷり,じゅねラジ,フリートーク,ヒプノシスマイク,,,,,,,,,,,,,,,,,,,,,,,,,,,,,,,,,,,,,,,,,,,,,,,,,,,,,,,,
同人,,,,,,,,,,,,,,,,,,,,,,,,,,,,,,,,,,,,,,,,,,,,,,,,,,,,,,,,,,,,
虚拟主播,vsinger,vtuber,virtualyoutuber,mmd,luo tianyi,,,,,,,,,,,,,,,,,,,,,,,,,,,,,,,,,,,,,,,,,,,,,,,,,,,,,,,
洛天依,,,,,,,,,,,,,,,,,,,,,,,,,,,,,,,,,,,,,,,,,,,,,,,,,,,,,,,,,,,,
搞笑动画,robocar poli chinese,funny animation,enjoyable cartoon,super jojo mandarin,masha and the bear china,sausage party,comedy cartoon,,,,,,,,,,,,,,,,,,,,,,,,,,,,,,,,,,,,,,,,,,,,,,,,,,,,,
游戏集锦,pubg mobile,pubg pc,peace elite,pubg mobile gameplay,game for peace,pubgm,pubg mobile chicken king,jedi survival,pubg funny moments,pubglite,game secrets,pubgmobile,pubg mobile india,pubg mobile s13,pubg best player,pubg,pubg video,pubg mobile live,pubg mobile conqueror,panda pubg mobile,pubg mobile season 11,pubg in real life,pubg game,pubg wtf,mobile legends,pubg funny moment,pubg mobile montage,pubg mobile funny moments,pubg highlights,battlegrounds,winner winner chicken dinner,5v5,,,,,,,,,,,,,,,,,,,,,,,,,,,,
游戏实况,pubgm,pubg funny moments,pubg mobile,pubgmobile,pubg mobile gameplay,pubglite,pubg mobile s13,pubg pc,peace elite,pubg wtf,game for peace,gaming talk shows,mini world,pubg mobile india,mini word,game play,mobile legends,pubg funny moment,jedi survival,pubg in real life,pubg,indie game,mobile game,pc gamer,gaming,zombiemode,pubg mobile montage,pc game,panda pubg mobile,game secrets,pubg mobile live,pubg mobile season 11,,,,,,,,,,,,,,,,,,,,,,,,,,,,
游戏资讯,gaming,pubgm,online game,game play,leagueoflegends,esports,faker,pc game,skt,indie game,singleplayer,pcs,video games,battlefield1,moba,pubg mobile,mobile legends,video game (industry),open world (video game genre),mobile game,nintendo switch games,lck,fpx,pubg mobile india,,,,,,,,,,,,,,,,,,,,,,,,,,,,,,,,,,,,
游戏解说,kpl,rongyao,wangzhe,honorofkings,arena of valor,honor of kings,moba,mlbb,leagueoflegends,pubglite,nightblue3,pubg mobile gameplay,pubg funny moments,glory,mobile legends,nb3,pubg pc,chichi,faker,lpl006,lms,lplspring,s10,penta kill,qghappy,uzi,rng,lpl,awm,pubgmobile,lcs,09dota,meta,kings,,,,,,,,,,,,,,,,,,,,,,,,,,
主机游戏,mini world,indie game,mini word,2b2t,minecraft,pubg funny moments,minecraft tis,hypixel,battlefield5,rats mod,miniworldmuyu,codm,joy joy gang,super mario,gtav,minecraft parody,phantomxjack,minecraft mod,starbound (video game),meta,mc tis,gta,glowstick entertainment,,,,,,,,,,,,,,,,,,,,,,,,,,,,,,,,,,,,,
手游,pubg mobile gameplay,pubg mobile,pubg funny moments,pubgmobile,kpl,pubg mobile s13,pubglite,pubgm,peace elite,mobile legends,pubg mobile india,kingofglory,pubg mobile live,game for peace,pubg best player,pubg video,pubg game,pubg mobile season 11,pubg mobile chicken king,aov,mobile legends new hero,pubg wtf,arena of valor,honorofkings,pubg mobile montage,game secrets,penta storm,china pubg mobile,pubg mobile lite,pubg funny moment,mobile phone,rongyao,zombiemode,lobo,pubg mobile best player,,,,,,,,,,,,,,,,,,,,,,,,,
桌游,ptcg,shadowverse,boardgame,coc,,,,,,,,,,,,,,,,,,,,,,,,,,,,,,,,,,,,,,,,,,,,,,,,,,,,,,,,
电竞,lms,lck,lpl,faker,skt,uzi,lcs,rng,fpx,theshy,adc,doinb,karsa,leagueoflegends,lec,edg,dopa,skt t1 faker,kpl,kingofglory,rookie,doublelife,league_of_legends,jkl,league of legends,godjj,lpl2019,s10,lol,mid,zed,stanley,nightblue3,tft,ahq,pcs,09dota,lgd,aov,toyz,s7lol,riot,gcs,riven,kkoma,,,,,,,,,,,,,,,
卡牌游戏,tft,hearthstone,teamfight tactics,ptcg,lms,skt,teamfighttactics,hearthstone battlegrounds,,,,,,,,,,,,,,,,,,,,,,,,,,,,,,,,,,,,,,,,,,,,,,,,,,,,
游戏点评,gamker,gaming talk shows,game play,game review,ps4share,scum,,,,,,,,,,,,,,,,,,,,,,,,,,,,,,,,,,,,,,,,,,,,,,,,,,,,,,
中国风,guzheng,hanfu,chinese zither,chinese classical dance,guqin,traditional chinese dance,snowrabbit,guzheng music,gu zheng,gufeng,,,,,,,,,,,,,,,,,,,,,,,,,,,,,,,,,,,,,,,,,,,,,,,,,,
街舞,cover dance,dancecover,댄스 커버,커버댄스,댄스,choreo,coverdance,케이팝,dance cover,kpop dance,dance cover kpop,kpop in public challenge,kpopinpublic,mnet,kpop dance cover,케이팝댄스,블랙핑크,댄스커버,kpopdance,morethanyouth,urban dance,커버댄스팀,produce48,izone,kpopcover,kpop cover dance,,,,,,,,,,,,,,,,,,,,,,,,,,,,,,,,,,
广场舞,square dance,,,,,,,,,,,,,,,,,,,,,,,,,,,,,,,,,,,,,,,,,,,,,,,,,,,,,,,,,,,
古典舞,chinese classical dance,,,,,,,,,,,,,,,,,,,,,,,,,,,,,,,,,,,,,,,,,,,,,,,,,,,,,,,,,,,
民族舞,,,,,,,,,,,,,,,,,,,,,,,,,,,,,,,,,,,,,,,,,,,,,,,,,,,,,,,,,,,,
现代舞,urban dance,choreography,원밀리언,mina myoung choreography,mina choreography,명미나,,,,,,,,,,,,,,,,,,,,,,,,,,,,,,,,,,,,,,,,,,,,,,,,,,,,,,
芭蕾舞,ballet,,,,,,,,,,,,,,,,,,,,,,,,,,,,,,,,,,,,,,,,,,,,,,,,,,,,,,,,,,,
爵士舞,dancecover,댄스 커버,jazz,1million,jazz funk,,,,,,,,,,,,,,,,,,,,,,,,,,,,,,,,,,,,,,,,,,,,,,,,,,,,,,,
拉丁舞,,,,,,,,,,,,,,,,,,,,,,,,,,,,,,,,,,,,,,,,,,,,,,,,,,,,,,,,,,,,
鬼步舞,ghost step dance,,,,,,,,,,,,,,,,,,,,,,,,,,,,,,,,,,,,,,,,,,,,,,,,,,,,,,,,,,,
手势舞,,,,,,,,,,,,,,,,,,,,,,,,,,,,,,,,,,,,,,,,,,,,,,,,,,,,,,,,,,,,
MV,pop music,china music,taiwan music,the voice,lyrics,cover songs,chinese pop,the voice of china,official mv,,,,,,,,,,,,,,,,,,,,,,,,,,,,,,,,,,,,,,,,,,,,,,,,,,,
OST,동궁 ost,piano music,pipa,sheet music,violincover,light music,musica oriental,piano cover,guqin,cello,guzheng,play piano,synthesia,,,,,,,,,,,,,,,,,,,,,,,,,,,,,,,,,,,,,,,,,,,,,,,
翻唱,old chinese song,oldies chinese songs,1990s chinese pop songs,hokkien song oldies,taiwanese classic songs,taiwanese oldies songs,cantonese song,hokkien songs,i love taiwan music,taiwanese songs,cantopop,taiwanese song,taiwanese old songs,chinese old songs,taiwanese songs hokkien,chord,the voice of china,pop music,hokkien songs oldies,chinese classic song,taiwan music,piano music,cover songs,vocal coach,violinmusic,new music,chinese songs,,,,,,,,,,,,,,,,,,,,,,,,,,,,,,,,,
演唱会LIVE,,,,,,,,,,,,,,,,,,,,,,,,,,,,,,,,,,,,,,,,,,,,,,,,,,,,,,,,,,,,
原创音乐,c-pop,pop music,cantonese song,new music,tanya chua,official video,kkbox,jolin tsai,a cappella,original music,chinese pop,cpop,choir,electronic music,jay chou,sony bmg music entertainment,a-lin,alin,acapella,taiwan music,,,,,,,,,,,,,,,,,,,,,,,,,,,,,,,,,,,,,,,,
古典,musica tradicional china,música instrumental,musica oriental,guqin,música guzheng,chinese zither,traditional chinese music,música de flauta,guzheng music,guzheng,chinese music,música tradicional,gu zheng,zithe,música tradicional china,hermosa música instrumental,música guqin,pipa,instrumental music,zither,hermosa música de flauta,,,,,,,,,,,,,,,,,,,,,,,,,,,,,,,,,,,,,,,
民乐,música china,hermosa musica china,musica tradicional china,chinese zither,música instrumental,musica oriental,guzheng,música guzheng,música relajante,gu zheng,guzheng music,traditional chinese music,zithe,música de flauta,pipa,erhu,zither,musical instrument,,,,,,,,,,,,,,,,,,,,,,,,,,,,,,,,,,,,,,,,,,
嘻哈,the rap of china,rapper,kris wu,chinese rapper,chinese rap,vava,gosh,hiphop,hip-hop,rap songs,mc hotdog,jay park,hippop,buzzy,chinese hip hop,hip hop,hip,코레오,rap of china,rap,eminem,pgone,,,,,,,,,,,,,,,,,,,,,,,,,,,,,,,,,,,,,,
摇滚,the big band,re-tros,linkin park,rock,slipknot,,,,,,,,,,,,,,,,,,,,,,,,,,,,,,,,,,,,,,,,,,,,,,,,,,,,,,,
电音,remix,,,,,,,,,,,,,,,,,,,,,,,,,,,,,,,,,,,,,,,,,,,,,,,,,,,,,,,,,,,
r&b,r&b,sam tsui mashup,rnb,,,,,,,,,,,,,,,,,,,,,,,,,,,,,,,,,,,,,,,,,,,,,,,,,,,,,,,,,
古风音乐,guqin,chinese zither,guzheng,guzheng music,musica oriental,traditional chinese music,gu zheng,música guzheng,zithe,música de flauta,pipa,erhu,zither,erhu music,hermosa música instrumental,musical instrument,,,,,,,,,,,,,,,,,,,,,,,,,,,,,,,,,,,,,,,,,,,,
蹦迪DJ,chinese dj remix,chinese dj,dj china remix,dj soda 2019,chinese dj 2019,chinese dj 2020,chinese dj remix 2019,dj china,chinese dj remix 2020,china music dj club,dj king,king dj,manyao,dj2020,dj remix,chinese dj 2018,92cc dj,dj soda 2020,92cc,92ccdj,dj soda remix,chinese dj party,dj soda,chinesedj,remix,dj ye,92kk dj,dj k.n,dj2019,remixes,92cc mixtape,dj - lagu mandarin,chinese dj 2016,,,,,,,,,,,,,,,,,,,,,,,,,,,
音乐教学,vbs,vocal coach,how to sing,guitar lesson,how to sing better,pipa,guitar music,singing lessons,,,,,,,,,,,,,,,,,,,,,,,,,,,,,,,,,,,,,,,,,,,,,,,,,,,,
热门音乐,kkbox 2020,kkbox,a-lin,pop 2020,top 100 - kkbox,jay chou,top chinese songs 2020,pop music,the voice of china,alin,jaychou,,,,,,,,,,,,,,,,,,,,,,,,,,,,,,,,,,,,,,,,,,,,,,,,,
民谣,solo guitar,folk music,,,,,,,,,,,,,,,,,,,,,,,,,,,,,,,,,,,,,,,,,,,,,,,,,,,,,,,,,,
纯音乐,piano music,relaxing music,meditation music,sleep music,background music,relax music,calm music,música guzheng,peaceful music,healing music,sleeping music,study music,soft music,relaxing sleep music,soothing music,música relajante,relaxation music,música de flauta,calming music,guqin,guzheng music,guzheng,spa music,soothing relaxation,therapy music,light music,zen music,relaxing piano music,hermosa música instrumental,music for sleeping,stress relief music,hermosa música de flauta,lightmusic,best piano music,,,,,,,,,,,,,,,,,,,,,,,,,,
雷鬼,kris wu,the rap of china,gai,mj116,reggae,,,,,,,,,,,,,,,,,,,,,,,,,,,,,,,,,,,,,,,,,,,,,,,,,,,,,,,
经典老歌,chinese old song,oldies chinese songs,1990s chinese pop songs,old chinese song,taiwanese classic songs,hokkien song oldies,i love taiwan music,taiwanese songs,taiwanese oldies songs,hokkien song,taiwanese song,taiwanese songs hokkien,taiwanese old songs,chinese old songs,hokkien songs oldies,classic old songs,cantonese old songs,cantonese classical songs,nice songs of taiwan,taiwan songs,best taiwan songs,cantonese song,chinese classic song,chinese classic songs,cantopop music,taiwan song,classic chinese songs,chinese songs,taiwan music,taiwan oldies song,sad love songs,cantonese classic songs,hokkien song oldie,timesmusic,taiwan songs 80s,chinese cantonese songs,,,,,,,,,,,,,,,,,,,,,,,,
台语歌,taiwanese classic songs,taiwanese songs,hokkien songs,hokkien song oldies,hokkien song,i love taiwan music,taiwanese song,taiwanese old songs,taiwanese oldies songs,taiwanese songs hokkien,hokkien songs oldies,taiwan songs,nice songs of taiwan,taiwan song,taiwan music,taiwan oldies song,best taiwan songs,hokkien song oldie,taiwan songs 80s,taiwanese hokkien songs,,,,,,,,,,,,,,,,,,,,,,,,,,,,,,,,,,,,,,,,
情歌,kkbox 2020,top chinese songs,kkbox hit,chinese songs 2020,top chinese songs 2020,kkbox 2019,c-pop,kkbox,top 100 - kkbox,mojito,pop 2020,jean huang,tanya chua,cantonese song,mojito jaychou,yoga lin cheo,mandopop,chinese old song,g.e.m.,newkkboxii,nasi,cantopop,taiwan music,chinese music,jj lin,cantonese old songs,chinese songs,chinese pop music,2020 kkbox,hokkien songs,chinamusic,,,,,,,,,,,,,,,,,,,,,,,,,,,,,
欧美音乐,pop 2020,best english songs 2020,new music,pop music,,,,,,,,,,,,,,,,,,,,,,,,,,,,,,,,,,,,,,,,,,,,,,,,,,,,,,,,
美妆,makeup tips,makeuptutorial,qiuqiu makeup,daily makeup,everyday makeup,makeuptips,shu uemura,qiuqiu everyday makeup,qiuqiu daily makeup,etude house,lipstisks swatches,cosmetics,dailymakeup,eyeliner,colourpop,makeup tutorials,tom ford,eyemakeup,urban decay,huda beauty,charlotte tilbury,cpb,sephora,eyeshadow palette,eyeshadow,daily make up,eye makeup,natasha denona,nars,samchak,maybelline,bobbi brown,ysl,blush,3ce,sephora haul,makeupartist,,,,,,,,,,,,,,,,,,,,,,,
护肤,shiseido,shu uemura,empties,qiuqiu makeup,sk-ii,skincare,cosmetics,sephora,lancome,skincare routine,estee lauder,lamer,la mer,bobbi brown,itsechochen,,,,,,,,,,,,,,,,,,,,,,,,,,,,,,,,,,,,,,,,,,,,,
穿搭,uniqlo u,try-on haul,try on haul,outfits,everlane,fashion haul,try-on,zara,ootw,outfit,try on,spring outfits,spring lookbook,tryon,look book,uniqlo,taobao haul,summer lookbook,urban outfitters,topshop,shoppinghaul,fashion blogger,h&m,shopping haul,outfit ideas,clothing haul,other stories,shopbop,summer outfits,loewe,spring haul,clothes,styling,petite studio,fall lookbook,lookbook,&other stories,aritzia,fall outfits,prada,,,,,,,,,,,,,,,,,,,,
美发,hairstyles,hair tutorial,haircut,easy hairstyles,wedding hairstyles,hair style girl,braid hairstyles,bun hairstyles,hair style,hairstyle,hairstyle for wedding,updo hairstyles,party hairstyles,short hair,hairstyles for long hair,cute hairstyles,long hair,simple hairstyle,messy bun,easy hairstyle,beautiful hairstyles,hairstyles tutorials,bridal hairstyles,hair,bridal hairstyle,hairstyles for girls,quick hairstyles,hairstyles for braids,new hairstyle,hair color,,,,,,,,,,,,,,,,,,,,,,,,,,,,,,
医美,たるみ,アンチエイジング,スキンケア,エステ,エイジングケア,シワしわ,skincare,,,,,,,,,,,,,,,,,,,,,,,,,,,,,,,,,,,,,,,,,,,,,,,,,,,,,
潮牌,sneaker collection,air jordan,nike,air jordan 1,airjordan,adidas,jordan,jacques slade,aj1,jordan 1,h&m,look book,fashion haul,,,,,,,,,,,,,,,,,,,,,,,,,,,,,,,,,,,,,,,,,,,,,,,
球鞋开箱,sneaker collection,yeezy,sneaker,sneaker review,air jordan,sneakers,nike,sneakerhead,adidas,shoe,airjordan,air jordan 1,aj1,jordan,kustoo,jordan 1,reebok,,,,,,,,,,,,,,,,,,,,,,,,,,,,,,,,,,,,,,,,,,,
饰品,jadeite,jewellery,myanmar jade,jewelry design,emerald,jadeite jade,jadeite jade myanmar,real jade,real jade vs fake,jewelry knowledge,jade,jewelry,real pearls,jade live,bracelet,jewellry,ribbonbow,,,,,,,,,,,,,,,,,,,,,,,,,,,,,,,,,,,,,,,,,,,
T台秀,spring lookbook,fashion show,fashion,,,,,,,,,,,,,,,,,,,,,,,,,,,,,,,,,,,,,,,,,,,,,,,,,,,,,,,,,
腕表,watches,rolex,nomos watches,watch,longines,omega,cartier,longins,wristwatch,iwc,watchmaking,swiss watches,casio,baby-g,movado,g-shock,,,,,,,,,,,,,,,,,,,,,,,,,,,,,,,,,,,,,,,,,,,,
国潮,fashion haul,,,,,,,,,,,,,,,,,,,,,,,,,,,,,,,,,,,,,,,,,,,,,,,,,,,,,,,,,,,
街拍,,,,,,,,,,,,,,,,,,,,,,,,,,,,,,,,,,,,,,,,,,,,,,,,,,,,,,,,,,,,
美甲,easy nail art,cute nail art,nail tutorial,benails,nail art,nail art tips,naildesign,nailartvideos,nail art tutorial,diy nails,nails,easy nail tutorial,diy nail art,3d nail,nail,nail art design,green nail,3d nail art,green nails,simple nail art,ネイルデザイン,ネイルサロン,ネイルアート,네일아트,네일,ジェルネイル,gel nails,simply nailogical,gel nail,,,,,,,,,,,,,,,,,,,,,,,,,,,,,,,
玉石,jadeite,jade hunting,myanmar jade,jade dealer,jadeite jade,jadeite jade myanmar,real jade vs fake,emerald,jade,jade live,real jade,,,,,,,,,,,,,,,,,,,,,,,,,,,,,,,,,,,,,,,,,,,,,,,,,
宝石,jewellery,emerald,jewelry,real pearls,fga,,,,,,,,,,,,,,,,,,,,,,,,,,,,,,,,,,,,,,,,,,,,,,,,,,,,,,,
美食测评,foodvideo,chinese street food,chinese dish,state dinner,yummy food,food channel,chinese food,chinese delicious food,중국 음식,chinese cuisine,ちゅうかりょうり,,,,,,,,,,,,,,,,,,,,,,,,,,,,,,,,,,,,,,,,,,,,,,,,,
美食教程,중국 음식,chinese dish,chinese cooking,cooking tutorial,chinese cuisine,chinese recipes,chinese food cooking,ちゅうかりょうり,traditional dish,food tutorial,laofangu,xiaoying cuisine,chinese food recipes,xiaoying,chinese village cooking,cookmap,food channel,healthy chinese recipes,cookbook,qr kitchen,cooking recipe,cooking channel,li ziqi channel,xiaoxi,,,,,,,,,,,,,,,,,,,,,,,,,,,,,,,,,,,,
美食纪录片,chinese food tour,food channel,요리중국,,,,,,,,,,,,,,,,,,,,,,,,,,,,,,,,,,,,,,,,,,,,,,,,,,,,,,,,,
创意料理,liziqi,,,,,,,,,,,,,,,,,,,,,,,,,,,,,,,,,,,,,,,,,,,,,,,,,,,,,,,,,,,
美食猎奇,chinese food tour,dianxixiaoge,shyo,,,,,,,,,,,,,,,,,,,,,,,,,,,,,,,,,,,,,,,,,,,,,,,,,,,,,,,,,
饮品,yogurt,lait,,,,,,,,,,,,,,,,,,,,,,,,,,,,,,,,,,,,,,,,,,,,,,,,,,,,,,,,,,
吃播,먹방 asmr,asmr mukbang,eating show,eating sound,asmr 먹방,muckbang,korean mukbang,asmr food,asmr eating,jane asmr,먹 방,eatingshow,sas-asmr,,,,,,,,,,,,,,,,,,,,,,,,,,,,,,,,,,,,,,,,,,,,,,,
探店,chinese food tour,daoyueshe,,,,,,,,,,,,,,,,,,,,,,,,,,,,,,,,,,,,,,,,,,,,,,,,,,,,,,,,,,
野食,shyo,dianxixiaoge,wild cooking,xiaoyong,wild food brother,,,,,,,,,,,,,,,,,,,,,,,,,,,,,,,,,,,,,,,,,,,,,,,,,,,,,,,
烘焙,케이크,디저트,cake recipe,bread recipe,pastry,dessert recipes,bake,chiffon cake,home baking,쿠키,sponge cake,cakes,베이킹,cookies,baking,baking videos,so yummy cake,chocolate cake,dessert recipe,bread stick,pudding,muffin,bread,,,,,,,,,,,,,,,,,,,,,,,,,,,,,,,,,,,,,
零食,,,,,,,,,,,,,,,,,,,,,,,,,,,,,,,,,,,,,,,,,,,,,,,,,,,,,,,,,,,,
厨具,le creuset,air fryer,,,,,,,,,,,,,,,,,,,,,,,,,,,,,,,,,,,,,,,,,,,,,,,,,,,,,,,,,,
小吃,chinese street food,streetfood,korean street food,한국 길거리 음식,,,,,,,,,,,,,,,,,,,,,,,,,,,,,,,,,,,,,,,,,,,,,,,,,,,,,,,,
米其林,michelin-starred,michelin,,,,,,,,,,,,,,,,,,,,,,,,,,,,,,,,,,,,,,,,,,,,,,,,,,,,,,,,,,
咖啡,espresso,dirty coffee,latte,blue bottle coffee,coffee,americano,latteart,coffeeyoga,,,,,,,,,,,,,,,,,,,,,,,,,,,,,,,,,,,,,,,,,,,,,,,,,,,,
茶艺,matcha,,,,,,,,,,,,,,,,,,,,,,,,,,,,,,,,,,,,,,,,,,,,,,,,,,,,,,,,,,,
乡村美食,village life,countryside,dianxixiaoge,liziqi,rural,china countryside,rural life,ms dianx,dasaoxu,chinese village,countryside living,beautiful chinese girl,lý tử thất,village people,seclusion,xiaoxi,farm life,xiaoyong,Điền tây tiểu ca,village,chinese dish,chinese food cooking,ly tu that,laofangu,li ziqi,hai mét khói,chinese cooking,yunnan,liziqi cooking,chinese food,shyo,wild vegetables,ermichuiyan,xudasao,coutryside,liziqi vlogger,two meters of smoke,l,"""xiaoxis culinary idyll""",chinesestyle,Ẩm thực mẹ làm,,,,,,,,,,,,,,,,,,,
健康饮食,food blogger,meal prep,spinach,keto,cooking tips,intermittent fasting,low carb,air fryer,weightloss,keto diet,longevity,요리중국,pilates,how to lose weight,lagostina,cookbook,one good eat,daydaycook,vegetarian,calories,,,,,,,,,,,,,,,,,,,,,,,,,,,,,,,,,,,,,,,,
日本料理,おうちごはん,おつまみ,おかず,クックパッド,きまぐれクック,japanesefood,コウケンテツ,tastyjapan,cookpad,クラシル,はるあん,リュウジ,かっちゃんねる,obento,japanfood,ヘルシー,washoku,プロのレシピ,こっさり,デザート,イタリアン,ワンプレート,さばき,こっタソ,パスタ,ごはん,パティシエ,マカロニ,sashimi,かねこ,らくうま!,チャーハン,おやつ,ずぼら,japaneesefood,tastemadejapan,tastemade,チーズ,japanese food,,,ガスストーブ,メニュー,フレンチ,,,,,,,,,,,,,,,,
港式料理,mamacheung,,,,,,,,,,,,,,,,,,,,,,,,,,,,,,,,,,,,,,,,,,,,,,,,,,,,,,,,,,,
川菜,,,,,,,,,,,,,,,,,,,,,,,,,,,,,,,,,,,,,,,,,,,,,,,,,,,,,,,,,,,,
甜品,케이크,디저트,cake recipe,how to bake,dessert recipes,cakes,so yummy cake,초콜렛,pastry,bake,baking videos,so yummy,chocolate,home make,easy dessert recipes,chiffon cake,베이킹,home baking,sponge cake,cookies,쿠키,chocolate cake,two bites,홈메이드,bread recipe,bakery,twobites718,baking,dessert recipe,yummy cake,cake design,오레오,mooncake,desserts,cake,easy baking,matcha,cake ideas,cheesecake,mousse,,,,,,,,,,,,,,,,,,,,
生活技巧,diy slime,tenon,lifehacks,홈메이드,디저트,아이,butcher,ちゅうかりょうり,crafty panda,tool,slime asmr compilation,photography tricks,how to draw kids hub,fissler,chinese dish,cooking story,life hack,thằng,reason,123go!,go kart build,life hacks,nobeefnolife,traditional dish,coffee lam,grubby,,,,,,,,,,,,,,,,,,,,,,,,,,,,,,,,,,
手工,슬라임,slime,ice slime,foam clay,makeup slime,diy slime,slime haul,slime asmr compilation,satisfying slime,relaxing videos 2019,すらいむ,생크림슬라임,clear slime,액체괴물,crunchy slime,fluffy slime,sewing machine,,amigurumi,diy craft,butter slime,kid headwear,artkala crafts,slime review,sewing,hand made,diy flower,bag crochet,handmade,paper art,glossy slime,wall decor,craft,glitter slime,sew,mixing slime,sewing lesson,slime videos,xiaoling,squishy,headwear,tenon,knit,diy wall decor,thick slime,popsicle stick,slime mixing,diy videos,wall hanging,heyjini,,,,,,,,,,
生活vlog,china countryside,chinese village,village life,farmhouse,rural,countryside,back to nature,liziqi,rural life,seclusion,farm life,village people,singaporevlog,native,coutryside,coutry girl,living in china,cinematic vlog,chinese coutry,mainland,countryside living,living alone,farmming,daily life,dianxixiaoge,hanguo,two meters of smoke,guizhou rural area,guizhou,emotion,life style,xiaoxi,hai mét khói,shyo,fanny,chinesefood,daily vlog,ashly,weekly vlog,yunnan,chinese uptown,xiaoyong,ermichuiyan,uni life,,,,,,,,,,,,,,,,
园艺,bonsai,plants,succulent,plant,potting,succulents,garden,ガーデニング,planting,gardening,echeveria,モミジ,succulent plants,orchid,seeds,bonsai how to,young,matsuyoshi,mu bonsai,homemade organic manure,orchid care,juniper,house plants,,,,,,,,,,,,,,,,,,,,,,,,,,,,,,,,,,,,,
三农,countryside,china countryside,rural,village life,chinese village,rural life,farmhouse,village,farm life,countryside living,village people,seclusion,chinese girl,xiaoyong,fishingman,shyo,liziqi,dianxixiaoge,back to nature,guizhou rural area,farmming,chinese coutry,guizhou li jun,coutryside,shyo video,guizhou,foodculture,mainland,countryside and farmers,chinese uptown,fisherman,chinesestyle,two meters of smoke,backtonature,hai mét khói,dasaoxu,laofangu,fairyland on earth,aerial photography,aerial china,land of idyllic beauty,lifecountry,,,,,,,,,,,,,,,,,,
家居,interior design,living room,interiordesign,tenon,home decor,renovation,ec life,furniture,loft,renobro,plumber,マイホーム,room decor,hocfu,sewing,decor,hilti,eclife,house decorating,homeplan,hellotoby,interior decoration,codeco,autocad,makita,home tour,interior4all,wall hanging,spaceplan,home decoration,houserenovation,,,,,,,,,,,,,,,,,,,,,,,,,,,,,
婚礼,proposal,wedding,couples,marry me,marrige,wedding dress,relationship,girlfriend,propose,birdcp,520,,,,,,,,,,,,,,,,,,,,,,,,,,,,,,,,,,,,,,,,,,,,,,,,,
装修,handyman,plumber,renobro,hilti,interior design,hocfu,hellotoby,worx,decotv,homeplan,codeco,autocad,interiordesign,electrician,spaceplan,プラン,マイホーム,makita,ミサワホーム,zeh,dewalt,ec life,master alley,living room,tenon,ハウスメーカー,design information centre,モデルハウス,www.dic.hk,kendi,コンセント,トヨタホーム,loft,flor de papel,nerf blaster,ダイワハウス,house decorating,interior4all,オガワエツコ,ダイケン,renovation,houserenovation,リクシル,,,,,,,,,,,,,,,,,
豪宅,luxury home,new homes for sale,mega mansion tour,luxury real estate,property management,fei li,single family,1031,new homes,model home,real estate investment,real estate,most expensive homes,altair irvine,mega mansions,home buying tips 2020,zhonghuodichan.com,houston real estate,luxury homes,townhouse,luxury house,home for sale,ufund investment,condo,house123,zhonghuodichan,mega mansion,realtor,interior design,ufund real estate fund,investment,altair,real estate agent,property,mansion tour,mansion video tour,top homes in the world,invest in real estate,houses in united states,マイホーム,real estate photography,house tour,home tour,luxury houses,,,,,,,,,,,,,,,,
野外生存,bear grylls,wild cooking,yes man,wild cooking yes man,primitive technology,wild running,rural life,bushcraft,wild,green hell,bear wild foods,outdoor kitchen,camping,,,,,,,,,,,,,,,,,,,,,,,,,,,,,,,,,,,,,,,,,,,,,,,
手帐,hobonichi,journal,bullet journal,hobo,bulletjournal,planner,bujo,stationery,watercolorpainting,plan with me,midori,travelersnotebook,japanese stationery,journaling,"""travelers notebook""",midoritn,kokuyo,techo,scrapbooking,planwithme,stickers,マスキングテープ,organizer,md notebook,journal with me,drwaing,pumijournal,tombow,fountain pen,stationery haul,pumi,halomackey,knit,bulletjournalsetup,naokoobara,craft,pentel,planner introduction,washitape,nancychinchin,diy planner supplies,,,,,,,,,,,,,,,,,,,
赶海,fisherman,fishingman,deep sea fishing,catguyfishing,,,,,,,,,,,,,,,,,,,,,,,,,,,,,,,,,,,,,,,,,,,,,,,,,,,,,,,,
农家生活,countryside,china countryside,village life,rural,chinese village,rural life,farmhouse,village,farm life,village people,,countryside living,chinese girl,xiaoyong,liziqi,dianxixiaoge,shyo,coutry girl,coutryside,chinese coutry,back to nature,farmming,shyo video,guizhou rural area,guizhou li jun,chinesestyle,yunnan,wild cooking,dasaoxu,xiaoxi,guizhou,two meters of smoke,chinese uptown,countryside and farmers,backtonature,laofangu,li junguizhou,lifecountry,village food,,,,,,,,,,,,,,,,,,,,,
摄影,retouch,lightroom,photography for beginners,photography basics,photography composition,photography hacks,photography tips,photography ideas,photography tricks,fujifilm,dslr,a7iii,eos,mirrorless,canon,camera raw,nikon,photography,35mm,5d4,adobe camera raw,a7m3,premiere,sony a7iii,editing,lense,premiere pro,50mm,cs6,a73,photoshop,6d2,lens,leica,adobe,hyperlapse,a6400,adobe lightroom,photoshop tutorial,portrait,acr,learn cameras,learn photography,photoshop cc,landscape,rx100,photo editing,,,,,,,,,,,,,
购物,celine,try-on haul,shoppinghaul,makeuptutorial,try on haul,makeuptips,uniqlo u,piecesofc,taobao,outfit,outfits,try-on,everlane,shopping haul,fashion haul,tryon,try on,brand,taobao haul,shu uemura,zara,shiseido,balenciaga,ootw,ginachiki,look book,taobao unboxing,hidee,spring lookbook,sephora,fashion blogger,urban outfitters,sephora haul,h&m,getreadywithme,dior,sephora sale,ootd,tom ford,summer lookbook,topshop,empties,makeup tips,chanel,etude house,spring outfits,shopbop,loewe,ysl,,,,,,,,,,,
纹身,tattoo,,,,,,,,,,,,,,,,,,,,,,,,,,,,,,,,,,,,,,,,,,,,,,,,,,,,,,,,,,,
脏辫,braid hairstyles,braided hairstyle,braid hairstyle,braided hairstyles,,,,,,,,,,,,,,,,,,,,,,,,,,,,,,,,,,,,,,,,,,,,,,,,,,,,,,,,
钓鱼,jigging,catguyfishing,lure,jerkbait,lure fishing,shore jigging,river fishing,popper,fishing in hong kong,taiwan fishing,giant fish,gamakatsu,낚시,shimano,sea bass,snakehead,diawa,angling,eging,largemouth bass,ประมง,minnow,bass fishing,lurefishing,hong kong fishing,slow jigging,fishing,jackall,softbait,fishing videos,sea,rock fishing,largemouthbass,ma wan,dukk,bassfishing,casting,megabass,アオリイカ,câu cá,angler,kayak fishing,surfcasting,エギング,チヌ,czb,jig,,,,,,,,,,,,,
海外生活,topik,일본어,ブイログ,バイリンガル,일본어공부,ハングル,toefl,일본인,ベトナム,한국문화,かおる,バンコク,일어,유학생,singaporevlogger,한국여행,toeic,カナダ,タイ,일본여행,китай,seoul travel,ielts,シンガポール,life in china,study abroad,대만여행,국제커플,азия,ロサンゼルス,チャイニーズ,일본인브이로그,ナイトマーケット,study vlog,японка,ウクライナ,バイリンガール,японский,,,,,,,,,,,,,,,,,,,,,,
基建,,,,,,,,,,,,,,,,,,,,,,,,,,,,,,,,,,,,,,,,,,,,,,,,,,,,,,,,,,,,
娃娃机教学,kman,our tv,claw machine,catcher,ourtv,bobotv,ufo catcher,crane machine,claw game,인형뽑기,ufoキャッチャー,claw,claw machine malaysia,ufo キャッチャー,crane game,bobo,yan lifestyle,catch a toy,papayow,yowyowwassup,claw couple malaysia,manika ng clip,toreba,인형 기계,ufo machine,howfun,makina ng manika,yowyow,claw machine win,clawcouplesg,,,,,,,,,,,,,,,,,,,,,,,,,,,,,,
特效,lightroom,retouch,premiere,adobe premiere,premiere pro,camera raw,adobe,cs6,effects,adobe lightroom,adobe bridge,cs5,photoshop,photoshop tutorial,adobe photoshop,premiere pro cc,after effects,aftereffect,cs5.5,photography for beginners,adobe premiere pro cc,after effect,photography hacks,editing,photography basics,photography tips,photography,fcpx,effects store,photoshop cc,photography composition,photography tricks,twixtor,colour,after effects tutorial,lrtimelapse,filmmaker,photoshop cs6,adobe creative cloud,,,,,,,,,,,,,,,,,,,,,
平衡术,calisthenics,,,,,,,,,,,,,,,,,,,,,,,,,,,,,,,,,,,,,,,,,,,,,,,,,,,,,,,,,,,
多米诺骨牌,domino fall,dominoes,domino rally,domino tricks,domino spiral,rube goldberg machine,insane domino tricks,dominoes falling,chain reactions,pitagora suichi,dominos,dominostein,how to play dominoes,domino,ドミノ,ντόμινο,домино,domino screenlink,satisfying dominoes,domino building,daksdominos,daks dominos,pitagora,crushing,daksdominoe,domino toppling,,,,,,,,,,,,,,,,,,,,,,,,,,,,,,,,,,
魔方,,,,,,,,,,,,,,,,,,,,,,,,,,,,,,,,,,,,,,,,,,,,,,,,,,,,,,,,,,,,
转笔,,,,,,,,,,,,,,,,,,,,,,,,,,,,,,,,,,,,,,,,,,,,,,,,,,,,,,,,,,,,
发明,best from waste,best out of waste projects,waste material craft,recycled crafts ideas,gadgets,best out of waste ideas,best out of waste material,waste,inventions,recycling,craft ideas,5-minute crafts play,diy arts and crafts,crafts,bangles,go kart racing,diy ideas,restoration,best out of waste,use of old bangles,paper decoration,room decor,dashen,magnetic balls,craft projects,paper art,,,,,,,,,,,,,,,,,,,,,,,,,,,,,,,,,,
手艺,artkala crafts,diy craft,waste material craft,craft ideas,artkala,wall decor,craft,handcraft,plastic bottle craft ideas,best from waste,diy crafts,paper art,wall hanging,diy projects,handmade,paper craft,acrylic,diy home decorating idea,kid headwear,popsicle stick,hand made,best out of waste ideas,plastic bottle craft,diy videos,reuse,home decoration,recycling,crafts,diy home projects,artkala craft,trucos de belliza,life hacks,best out of waste,plastic bottles,useful things,recycled crafts ideas,diy home decor,crafts ideas,best out of waste material,hanging,decor,5-minute crafts,diy wall decor,room decor,art and craft,proyectos faciles,diy ideas,,,,,,,,,,,,,
绘画,watercolorpainting,acrylic,watercolor,how to drawing,copic,watercolour,illustration,how to draw,how to painting,sketch,wip,drawing,acrylics,palette knife abstract,inking,color painting,acryllation,drwaing,スケッチ,pencil drawing,circle line art school,abstract painting videos,painting,draw,3d drawing,tom mcpherson,drawing videos,learn to draw,trick art,marker,artwork,pixiv,circle line art,drawing tutorial,coloring,watercolor painting,dessin,hobonichi,speed painting,marcello barenghi,watercolour painting,how to paint,3d art,acrylic painting,그림,abstract painting glitter,,,,,,,,,,,,,,
沙画,,,,,,,,,,,,,,,,,,,,,,,,,,,,,,,,,,,,,,,,,,,,,,,,,,,,,,,,,,,,
养生,longevity,disease,spinach,pilates,healthy,coffeeyoga,calisthenics,アンチエイジング,,,,,,,,,,,,,,,,,,,,,,,,,,,,,,,,,,,,,,,,,,,,,,,,,,,,
两性健康,,,,,,,,,,,,,,,,,,,,,,,,,,,,,,,,,,,,,,,,,,,,,,,,,,,,,,,,,,,,
心理健康,help with depression,help with stress,mindfulness,better me,psychology,,,,,,,,,,,,,,,,,,,,,,,,,,,,,,,,,,,,,,,,,,,,,,,,,,,,,,,
疾病,longevity,disease,healthy,,,,,,,,,,,,,,,,,,,,,,,,,,,,,,,,,,,,,,,,,,,,,,,,,,,,,,,,,
癌症,,,,,,,,,,,,,,,,,,,,,,,,,,,,,,,,,,,,,,,,,,,,,,,,,,,,,,,,,,,,
艾滋病,,,,,,,,,,,,,,,,,,,,,,,,,,,,,,,,,,,,,,,,,,,,,,,,,,,,,,,,,,,,
超级病毒,covid19,coronavirus,coronavirus in france,corona virus,singaporevlog,sars,covid,wuhan,hutao,virus,covid 19,covid-19,corona,pandemic,novel coronavirus,coronavirus outbreak,lockdown,social distancing,,,,,,,,,,,,,,,,,,,,,,,,,,,,,,,,,,,,,,,,,,
牙科,インプラント,ホワイトニング,インビザライン,デンタル,tartar,dentist,dental,ラバーダム,マウスピース,リハビリテーション,クリニック,,,,,,,,,,,,,,,,,,,,,,,,,,,,,,,,,,,,,,,,,,,,,,,,,
肩颈腰椎,リハビリテーション,むくみ,エイジングケア,ピラティス,インプラント,たるみ,ハムストリングス,もみすた,chiropractic,しびれ,acupuncture,physiotherapy,ストレートネック,がちゃぴん,,,,,,,,,,,,,,,,,,,,,,,,,,,,,,,,,,,,,,,,,,,,,,
狗狗,cute dogs,poodle,dog videos,cute dog,shiba inu,funny dog,shibadog,dog training,funny dogs,わんこ,shiba,beagle,shibainu,golden retriever,puppy,わんちゃん,puppy dog pals,bichon frise,cute dogs videos,dog barking,しばいぬ,bichon,doggy,labrador,puppies,sibainu,shibaken,doggie,toypoodle,ワンコ,dogs playing,cute dog videos,shibe,husky,samoyed,,,,,,,,,,,,,,,,,,,,,,,,,
猫咪,kitty,cute cats,cat videos,cat live,kittens,kucing,kitten,キジトラ,cats,funny cats,meow,animal video,stray cat,gato,straycat,ぽてとチャンネル,cute cat,funny cat,cutie,แมว,マンチカン,cute animals,cat lovers,cat video,cat slave,,cat slave daily,british shorthair,,,,,,,,,,,,,,,,,,,,,,,,,,,,,,,,
仓鼠,hamster,hamsters,syrian hamster,,,,,,,,,,,,,,,,,,,,,,,,,,,,,,,,,,,,,,,,,,,,,,,,,,,,,,,,,
观赏鱼,goldfish,fish tank,aquarium,ビオトープ,メダカ,アロワナ,pet fish,らんちゅう,red arowana,aquascape,,サンゴ,zeovit,fish keeping,スターポリプ,ソフトコーラル,fresh water fish,めだか,straycat,feeding fish,gold head,reeftank,reef tank,fish tank filter,アクアリスト,ポリプテルス,backyard pond,monster mike fishing,アグテン,pond,paludarium,fishkeeping,rawwfishing,catch em all fishing,,,,,,,,,,,,,,,,,,,,,,,,,,
鸟类,cockatoo,ducks,bird,birds,duckling,,,,,,,,,,,,,,,,,,,,,,,,,,,,,,,,,,,,,,,,,,,,,,,,,,,,,,,
爬行动物,tortoise,カメ,turtle,,,,,,,,,,,,,,,,,,,,,,,,,,,,,,,,,,,,,,,,,,,,,,,,,,,,,,,,,
宠物用品,cat live,dog training,puppy dog pals,cat slave daily,cat slave,,,,,,,,,,,,,,,,,,,,,,,,,,,,,,,,,,,,,,,,,,,,,,,,,,,,,,,
玄学,tarot,pick a card,fortune-telling,aquarius,ツインレイ,タロットカード,constellation,purplemoment,zodiac sign,,pisces,サイキック,taurus,tarot reading,chinese zodiac,divine,fortune telling,sagittarius,pick a card tarot,libra,superstitious,aries,divination,feng shui,capricorn,,,,,,,,,,,,,,,,,,,,,,,,,,,,,,,,,,,
命理,tarot,pick a card,oracle,aquarius,constellation,fortune-telling,zodiac sign,purplemoment,popdaily,better me,pisces,twinkle,marrige,cards,goodhealing,ルノルマンカード,sagittarius,ソウルメイト,taurus,law of attraction,タロットカード,ルノルマン,libra,tarot reading,カードリーディング,rosa,ツインレイ,サイキック,capricorn,divine,fortune telling,astronomy (field of study),christams,aries,chinese zodiac,street interviews,オラクルカード,hustle,superstitious,pick a card tarot,グランタブロー,divination,feng shui,luna tan,gemin,pua,chin kii,,,,,,,,,,,,,
星座,pisces,constellation,aquarius,taurus,zodiac sign,aries,gemin,libra,sagittarius,virgo,horoscope,cancer,,,,,,,,,,,,,,,,,,,,,,,,,,,,,,,,,,,,,,,,,,,,,,,,
生肖,aquarius,ソウルメイト,サイキック,taurus,pick a card,astrology,2022,sagittarius,オラクル,ツインレイ,gemin,リーディング,jポップメドレー,capricorn,fortune-telling,ルノルマンカード,zodiac sign,chinese zodiac,libra,aries,ルノルマン,goodhealing,サイキックラボ,j-pop メドレー,リラックスピアノ,feng shui,サビアン,constellation,jpopメドレー,law of attraction,カードリーディング,bgm j-pop,hustle,jpop ランキング,pisces,marrige,astronomy (field of study),"""80s jpop""",つらい,オラクルカード,cancer,バシャール,purplemoment,twinkle,street interviews,わくわく,ルーン,superstitious,メンタル,,,,,,,,,,,
风水,feng shui,purplemoment,,,,,,,,,,,,,,,,,,,,,,,,,,,,,,,,,,,,,,,,,,,,,,,,,,,,,,,,,,
健身计划,ifbb,tabata,squat,fat burning,hiit,fatloss,keepfit,aerobics,aerobic exercise,plank,calisthenics,street workout,burn fat,pilates,build muscle,crossfit,shredded,ifbbpro,thể dục nhịp điệu,physique,six pack abs,no equipment,full body workout,muscles,core,bodybuilding,cardio workout,free workout,intermittent fasting,arms workout,bodyweight,workout,lose weight fast,strength,cardio,no equipment workout,keep fit,deadlift,ifbb pro,abs workout,weight loss,jordan yeoh,lose weight,fat loss,push up,thigh workout,how to lose weight,muscle madness,homeworkout,lose fat,,,,,,,,,,
健身技巧,ifbb,squat,tabata,street workout,fat burning,keepfit,hiit,crossfit,fatloss,ifbbpro,calisthenics,build muscle,pilates,bodybuilding,plank,shredded,burn fat,no equipment,deadlift,six pack abs,physique,full body workout,core,powerlifting,strength,benchpress,arms workout,aerobic exercise,muscles,aerobics,workout,free workout,fitdevmo,muscle madness,ifbb pro,cardio workout,no equipment workout,bodyweight,weight training (hobby),taiger,cobracamp,bodyweight training,cardio,abs workout,homeworkout,home workout,jordan yeoh,bodybuilder,myprotein,thigh workout,,,,,,,,,,
健身器材,benchpress,deadlift,vertec,powerlifting,core,taiger,,,,,,,,,,,,,,,,,,,,,,,,,,,,,,,,,,,,,,,,,,,,,,,,,,,,,,
健身食谱,keto,beauty cate,intermittent fasting,low carb,myprotein,keto diet,protein,mealprep,calories,,,,,,,,,,,,,,,,,,,,,,,,,,,,,,,,,,,,,,,,,,,,,,,,,,,
瑜伽,yogadna,coffeeyoga,,,,,,,,,,,,,,,,,,,,,,,,,,,,,,,,,,,,,,,,,,,,,,,,,,,,,,,,,,
普拉提,,,,,,,,,,,,,,,,,,,,,,,,,,,,,,,,,,,,,,,,,,,,,,,,,,,,,,,,,,,,
太极拳,taiji,wushu,taichi,martial arts,martial art,wing chun,bruce lee,tai chi,kung fu,kungfu,chinese martial arts,,,,,,,,,,,,,,,,,,,,,,,,,,,,,,,,,,,,,,,,,,,,,,,,,
健身操,aerobics,aerobic exercise,square dance,fat burning,squat,pilates,crossfit,calisthenics,cardio workout,no equipment,aerobic,no equipment workout,,,,,,,,,,,,,,,,,,,,,,,,,,,,,,,,,,,,,,,,,,,,,,,,
肩部训练,arms workout,,,,,,,,,,,,,,,,,,,,,,,,,,,,,,,,,,,,,,,,,,,,,,,,,,,,,,,,,,,
瘦手臂,,,,,,,,,,,,,,,,,,,,,,,,,,,,,,,,,,,,,,,,,,,,,,,,,,,,,,,,,,,,
相亲节目,tvb usa,,,,,,,,,,,,,,,,,,,,,,,,,,,,,,,,,,,,,,,,,,,,,,,,,,,,,,,,,,,
情感调解,pua,street interviews,love quotes,love actually,love me,marrige,boyfriend,relationship tik tok,relationship,gentleman,love story,relationship goals,marry me,proposal,girlfriend,,,,,,,,,,,,,,,,,,,,,,,,,,,,,,,,,,,,,,,,,,,,,
医疗纪实,,,,,,,,,,,,,,,,,,,,,,,,,,,,,,,,,,,,,,,,,,,,,,,,,,,,,,,,,,,,
两性关系,pua,love quotes,love poems,purplemoment,love actually,love on the brain,love me,relationship tik tok,relationship,relationship goals,,boyfriend,520,marrige,love story,dating,,,,,,,,,,,,,,,,,,,,,,,,,,,,,,,,,,,,,,,,,,,,
励志鸡汤,mindtravel,goodhealing,inking,love quotes,hustle,story telling,motivation,to be with you,love on the brain,mindset,love poems,brainfog,positive thinking,motivational video,,,,,,,,,,,,,,,,,,,,,,,,,,,,,,,,,,,,,,,,,,,,,,
单身主义,pua,purplemoment,love on the brain,,,,,,,,,,,,,,,,,,,,,,,,,,,,,,,,,,,,,,,,,,,,,,,,,,,,,,,,,
萌娃,cute baby videos,funny baby,cute baby,funny baby videos,baby reaction,baby videos,newborn baby,funny babies,funny baby video,ball videos for babies,cute baby videos funny,funniest baby,babies,cute babies,kids videos,baby,baby cute,cutest baby,kids education,,,,,,,,,,,,,,,,,,,,,,,,,,,,,,,,,,,,,,,,,
怀孕,아이,pregnancy,mom,child,pregnant,,,,,,,,,,,,,,,,,,,,,,,,,,,,,,,,,,,,,,,,,,,,,,,,,,,,,,,
育儿,baby bus,kids songs,아이,토이,chinese fairy tales,kids toys,learn chinese,cartoons,어린이중국어,chinese fairy tale,kingdergarden,yoyotv,bé,ultraman rosso,peppa pig,enfant,toy review,kids cartoon,kids animation,kids song,ultraman blu,kids music,toy unboxing,중국어동요,videos for kids,full episodes,,,,,,,,,,,,,,,,,,,,,,,,,,,,,,,,,,
备孕,マタニティー,어린이중국어,パパ,아이,중국어배우기,マタニティ,토이,anson,어린이,つわり,kids songs,キッズチャンネル,재미있는 아기,チワーキー,マルポメ,육아,kids toys,pregnancy,child birth,child,プレママ,kids song,イクメン,,,,,,,,,,,,,,,,,,,,,,,,,,,,,,,,,,,,,
孕期,아이,어린이중국어,토이,kids toys,babyshark,pregnancy,child,mom,,,,,,,,,,,,,,,,,,,,,,,,,,,,,,,,,,,,,,,,,,,,,,,,,,,,
胎教,baby sleeping songs,baby sleep music,baby sleep,baby sleep lullaby,baby sleep sounds,baby songs,pregnancy music,music for babies,baby lullaby,528hz,music for stress relief,hypnotherapy,children songs,nursery rhymes,kid songs,kids songs,z50a,english for children,,,,,,,,,,,,,,,,,,,,,,,,,,,,,,,,,,,,,,,,,,
产后护理,tabata,pilates,fatloss,squat,fat burning,intermittent fasting,crossfit,thigh workout,six pack abs,keepfit,burn fat,arms workout,lose weight fast,calisthenics,homeworkout,full body workout,coffeeyoga,lose weight,workout,no equipment,no equipment workout,abs workout,build muscle,push up,muscles,how to lose weight,cardio,bodyweight training,aerobic exercise,at home workout,continuous challenge,lose fat,home workout,,,,,,,,,,,,,,,,,,,,,,,,,,,
母婴用品,토이,babyshark,đồ chơi,,,,,,,,,,,,,,,,,,,,,,,,,,,,,,,,,,,,,,,,,,,,,,,,,,,,,,,,,
潜水,freediving,diving,scuba diving,world surf league,snorkeling,freedive,dive,underwater,,,,,,,,,,,,,,,,,,,,,,,,,,,,,,,,,,,,,,,,,,,,,,,,,,,,
游泳,swimming,bikini,ムエタイ,,,,,,,,,,,,,,,,,,,,,,,,,,,,,,,,,,,,,,,,,,,,,,,,,,,,,,,,,
赛车,drag racing,rolls royce,benz,fiat,spoiler,mitsubishi,buick,ford,skoda,kia,mazda,cadillac,aston martin,,,,,,,,,,,,,,,,,,,,,,,,,,,,,,,,,,,,,,,,,,,,,,,
羽毛球,aiyuke,badminton,backhand,배드민턴,badminton smash,badminton backhand,badminton b,badminton techniques,chi peijie,lee chong wei,xiong guobao,singapore badminton,momota,lin dan,バドミントン,,,,,,,,,,,,,,,,,,,,,,,,,,,,,,,,,,,,,,,,,,,,,
篮球,lakers,kyrie irving,hbl,kevin durant,lebron james,irving,nba,james harden,nba highlight,sbl,cba,lebron,nba breakdown,hoopscholar,kawhi leonard,basketball,luka doncic,dunk,coach fui,hoop scholar,lbj,nba trade,lebronjames,stephen curry,anthony davis,nba kicks,playoffs,kobe bryant,nba playoffs,kobebryant,paul george,los angeles lakers,nba highlights,giannis,giannis antetokounmpo,damian lillard,basketball workout,3v3,nba live,,,,,,,,,,,,,,,,,,,,,
足球,lionel messi,real madrid,fcb,champions league,suarez,fc barcelona,manchester united,cristiano ronaldo,neymar,ronaldo,messi,leo messi,premier league,futebol,ronaldinho,la liga,football skills,luis suarez,messi skills,football,barça,chelsea,manchester city,ter stegen,soccer,barcelona,zlatan ibrahimovic,iniesta,camp nou,football goals,arthur melo,,,,,,,,,,,,,,,,,,,,,,,,,,,,,
乒乓球,ping pong,table tennis tricks,ping pong tricks,ping pong trick shots,table tennis,tennis de table,ping pong show,dude perfect ping pong,ping pong carnival,,,,,,,,,,,,,,,,,,,,,,,,,,,,,,,,,,,,,,,,,,,,,,,,,,,
网球,federer,nadal,tennis,babolat,,,,,,,,,,,,,,,,,,,,,,,,,,,,,,,,,,,,,,,,,,,,,,,,,,,,,,,,
排球,paul george,volleyball,volleyball highlights,volleyball world,,,,,,,,,,,,,,,,,,,,,,,,,,,,,,,,,,,,,,,,,,,,,,,,,,,,,,,,
台球,billiards,9ball,9ボール,10ボール,ビリヤード,10ball,ブレイクショット,8ball,ジャンプショット,,,,,,,,,,,,,,,,,,,,,,,,,,,,,,,,,,,,,,,,,,,,,,,,,,,
高尔夫球,golf,golf advice,golf tips,golf lessons,rick shiels golf,rick shiels pga golf coach,online golf,twitter golf,rickshielsgolf,facebook golf,improve ball striking,how to play golf,,,,,,,,,,,,,,,,,,,,,,,,,,,,,,,,,,,,,,,,,,,,,,,,
橄榄球,rugby,,,,,,,,,,,,,,,,,,,,,,,,,,,,,,,,,,,,,,,,,,,,,,,,,,,,,,,,,,,
冰上运动,,,,,,,,,,,,,,,,,,,,,,,,,,,,,,,,,,,,,,,,,,,,,,,,,,,,,,,,,,,,
田径,ifbbpro,runner,deadlift,,,,,,,,,,,,,,,,,,,,,,,,,,,,,,,,,,,,,,,,,,,,,,,,,,,,,,,,,
动物竞技,,,,,,,,,,,,,,,,,,,,,,,,,,,,,,,,,,,,,,,,,,,,,,,,,,,,,,,,,,,,
极限运动,extreme sports,downhill,mountain bike,action sports,mountain biking,snowboarding,skiing,backflip,freerunning,downhill mtb,skateboarding,world best parkour,stunts,trick shots,skate,dude perfect,skating,ski,skater,downhill mountain biking,wingsuit,skateboard tricks,snowboard,,,,,,,,,,,,,,,,,,,,,,,,,,,,,,,,,,,,,
格斗,rizin,ノックアウト,k-1,ufc,muaythai,มวยไทย,mma,conor mcgregor,wrestler,boxing,k-1max,world wrestling entertainment,wrestling,wwe,hiroya,mixed martial arts,knockout,jka,wrestle,,,,,,,,,,,,,,,,,,,,,,,,,,,,,,,,,,,,,,,,,
大力士,ifbb,strongman,powerlifting,bodybuilding,strength,muscle madness,physique,bodybuilder,weight training (hobby),full body workout,bodyweight,workout,six pack abs,sbd strongman,sbd,weight,sbd apparel,muscles,ifbb pro,,,,,,,,,,,,,,,,,,,,,,,,,,,,,,,,,,,,,,,,,
棒球,ピッチャー,ピッチング,キャッチャー,mlb,バッティング,npb,メジャーリーグ,バット,ichiro,バッター,denaベイスターズ,,,,,,,,,,,,,,,,,,,,,,,,,,,,,,,,,,,,,,,,,,,,,,,,,
柔道,judo,jujitsu,karate,aikido,kickboxing,bushido,,,,,,,,,,,,,,,,,,,,,,,,,,,,,,,,,,,,,,,,,,,,,,,,,,,,,,
武术,karate,martial arts,muaythai,kendo,martial art,kickboxing,wushu,bruce lee,bushido,kung fu,kungfu,taiji,wing chun,chinese martial arts,japanese budo,mixed martial arts,combat,jet li,kendo competition,,,,,,,,,,,,,,,,,,,,,,,,,,,,,,,,,,,,,,,,,
滑雪,snowboard,ski,huaxue,snowboarding,skiing,freeride,ski resort,snowboarder,,,,,,,,,,,,,,,,,,,,,,,,,,,,,,,,,,,,,,,,,,,,,,,,,,,,
德州扑克,poker,poker vlog,professional poker,life of poker pro,poker training,triton poker,best poker training,,,,,,,,,,,,,,,,,,,,,,,,,,,,,,,,,,,,,,,,,,,,,,,,,,,,,
中国象棋,chinese chess competition,chinese chess master,chinese chess,chinese chess 2020,,,,,,,,,,,,,,,,,,,,,,,,,,,,,,,,,,,,,,,,,,,,,,,,,,,,,,,,
国际象棋,chess,chess tournament,chinese chess 2020,chinese chess competition,chinese chess master,chinese chess,,,,,,,,,,,,,,,,,,,,,,,,,,,,,,,,,,,,,,,,,,,,,,,,,,,,,,
NBA,lakers,kevin durant,kyrie irving,lebron james,irving,james harden,lebron,nba,kawhi leonard,nba highlight,lebronjames,luka doncic,nba breakdown,nba playoffs,hoopscholar,playoffs,basketball,los angeles lakers,lbj,kobebryant,uba,stephen curry,dunk,nba trade,kicks on court,anthony davis,coach fui,nba highlights,nba kicks,paul george,hoop scholar,kobe bryant,2k20,stephencurry,giannis antetokounmpo,damian lillard,giannis,kevindurant,zion williamson,myteam,michael jordan,,,,,,,,,,,,,,,,,,,
相扑,マッチョ,,,,,,,,,,,,,,,,,,,,,,,,,,,,,,,,,,,,,,,,,,,,,,,,,,,,,,,,,,,
美景,village life,farm life,rural life,beautiful chinese girl,guizhou,back to nature,chinatravel,guizhou rural area,aerial photography,,,,,,,,,,,,,,,,,,,,,,,,,,,,,,,,,,,,,,,,,,,,,,,,,,,
探险,exploration,adventure travel,unsolved mysteries,hiking,adventure,,,,,,,,,,,,,,,,,,,,,,,,,,,,,,,,,,,,,,,,,,,,,,,,,,,,,,,
旅游攻略,rv tour,adventure travel,traveller,chinese traveller,tourism in pakistan,traveling,taiwan travel,journey,roadtrip,travelvlog,chinatravel,travel couple,travel story,hostel,backpacker,sightseeings,hiking,taiwan trip,spice travel,pakistan tourism,backpacking,100 days travel,traveler,travel blog,,,,,,,,,,,,,,,,,,,,,,,,,,,,,,,,,,,,
穷游,roadtrip,travel story,travelvlog,travel couple,backpacker,hiking,cebu,sightseeings,backpacking,,,,,,,,,,,,,,,,,,,,,,,,,,,,,,,,,,,,,,,,,,,,,,,,,,,
自驾游,rv tour,van life,living in a van,campervan,,,,,,,,,,,,,,,,,,,,,,,,,,,,,,,,,,,,,,,,,,,,,,,,,,,,,,,,
旅行VLOG,rv tour,mainland,traveller,adventure travel,chinese traveller,tibet,tourism in pakistan,van life,journey,traveling,living in a van,roadtrip,chinatravel,travelvlog,travel story,taiwan travel,taiwan vlog,hostel,taiwan trip,sightseeings,travel vlog,travel vlogger,travel blog,,,,,,,,,,,,,,,,,,,,,,,,,,,,,,,,,,,,,
航拍,roadtrip,aerial photography,uav,,,,,,,,,,,,,,,,,,,,,,,,,,,,,,,,,,,,,,,,,,,,,,,,,,,,,,,,,
民宿,hostel,cebu,,,,,,,,,,,,,,,,,,,,,,,,,,,,,,,,,,,,,,,,,,,,,,,,,,,,,,,,,,
游艇,jigging,yacht,yacht crew duties,working on yachts,yachts,day in the life of yacht crew,working on a super yacht,,,,,,,,,,,,,,,,,,,,,,,,,,,,,,,,,,,,,,,,,,,,,,,,,,,,,
日本行,nagoya,fukuoka,yuma,nara,kyushu,japan travel,kyoto,shinjuku,hotspring,japan vlog,japan trip,osaka,japanese food,walking japan,walking japan 4k,japan travel vlog,okinawa,tokyodisneysea,japantravel,,,,,,,,,,,,,,,,,,,,,,,,,,,,,,,,,,,,,,,,,
韩国行,한국여행,한국문화,서울,busan,seoul travel,부산,seoul,hiaday,yanniehui,korea vlog,korea travel,한일커플,,,,,,,,,,,,,,,,,,,,,,,,,,,,,,,,,,,,,,,,,,,,,,,,
泰国行,pattaya,chiang mai,phuket,silom,bangkok,siam,thailand,thai food,pad thai,thailand vlog,thailand travel,bangkok vlog,,,,,,,,,,,,,,,,,,,,,,,,,,,,,,,,,,,,,,,,,,,,,,,,
台湾行,taiwan travel,대만 여행,taiwan trip,대만여행,taiwan vlog,taipei travel,타이베이,대만맛집,taiwan street food,대만생활,taiwan travel guide,taibei,taipei trip,taiwanese food,대만 맛집,타이완,taoyuan,대만워홀,taichung,taiwan food,taipei food,대만일상,taiwan attraction,taiwan travel vlog,taiwan tourism,taiwanese street food,taipei,타이베이여행,tainan,,,,,,,,,,,,,,,,,,,,,,,,,,,,,,,
瑞士行,matterhorn,suisse,zermatt,swiss,switzerland,zurich,,,,,,,,,,,,,,,,,,,,,,,,,,,,,,,,,,,,,,,,,,,,,,,,,,,,,,
越南行,da nang,singaporevlog,hoi an,vietnam,vietnam travel,laos,danang,,,,,,,,,,,,,,,,,,,,,,,,,,,,,,,,,,,,,,,,,,,,,,,,,,,,,
新西兰行,auckland,queenstown,new zealand,newzealand,,,,,,,,,,,,,,,,,,,,,,,,,,,,,,,,,,,,,,,,,,,,,,,,,,,,,,,,
科普,knowledge,science education,raise knowledge,popular science,nasa,cosmos,science,unsolved mysteries,ufo,paper clip,theory of evolution,whatonearth,paperclip,sci,paleontology,fact,periodic table,psychology,,,,,,,,,,,,,,,,,,,,,,,,,,,,,,,,,,,,,,,,,,
前沿科技,xyzone,huawei,iphone 11,asus,tech news,iphone 11 pro max,vivo,notebook,tech,iphone 11 pro,xiaomi,smartphone,samsung,cpu,computer,iphone se,oppo,meizu,gigabyte,rog,iphone,acer,ipad,nflx,amd,apple watch,nokia,oneplus,ipad pro,ryzen,gadget,iphone 12,lenovo,laptop,airpods,iphone11,iphone xr,intel,apple watch series 6,intc,iphone8,,,,,,,,,,,,,,,,,,,
天文,nasa,science education,cosmos,ufo,spacex,chris hadfield,space,universe,aliens,pandodaily,earth,exploration,,,,,,,,,,,,,,,,,,,,,,,,,,,,,,,,,,,,,,,,,,,,,,,,
地理,nat geo,national geographic,national geographic channel,national geographic magazine,youtube documentary,mainland,rare earth,geography,mongolia,chinatravel,,,,,,,,,,,,,,,,,,,,,,,,,,,,,,,,,,,,,,,,,,,,,,,,,,
动物,shibadog,shibaken,わんちゃん,shiba,チワワ,shibainu,トイプードルのtaruto,プードル,しばいぬ,ワンコ,toypoodle,キジトラ,しば,ポメラニアン,bulldog,blackcat,labrador,トイプー,doggy,アニマル,poodle,cute dog,dog training,cute cats,ドッグ,pomeranian,,,,,,,,,,,,,,,,,,,,,,,,,,,,,,,,,,
植物,kman,bonsai,succulent,plant,succulents,papayow,gardening,succulent plants,ryu,plants,planting,,,,,,,,,,,,,,,,,,,,,,,,,,,,,,,,,,,,,,,,,,,,,,,,,
数码资讯,xyzone,huawei,iphone 11,tech news,asus,iphone 11 pro max,iphone 11 pro,samsung,vivo,smartphone,xiaomi,techlover,cpu,iphone se,gigabyte,amd,computer,oneplus,tech,meizu,oppo,notebook,iphone 12,ryzen,ipad,nflx,apple watch,nokia,iphone11,redmi,laptop,msi,smartphones,iphone,intel,acer,fview,lenovo,iphone8,iphone xr,android,intc,apple,apple watch series 6,,,,,,,,,,,,,,,,
智能电视,mibox,miboxs,,,,,,,,,,,,,,,,,,,,,,,,,,,,,,,,,,,,,,,,,,,,,,,,,,,,,,,,,,
手机,iphone 11,huawei,iphone 11 pro max,iphone 11 pro,samsung,vivo,smartphone,iphone se,xiaomi,ipad,iphone 12,oneplus,meizu,oppo,iphone,smartphones,tech,android,nokia,iphone xr,iphone11,iphone8,apple,iphone se 2,ipad pro,apple watch series 6,,,,,,,,,,,,,,,,,,,,,,,,,,,,,,,,,,
电脑,asus,computer,notebook,intel,laptop,acer,lenovo,ssd,macbook pro,,,,,,,,,,,,,,,,,,,,,,,,,,,,,,,,,,,,,,,,,,,,,,,,,,,
穿戴设备,apple watch,earphone,apple watch series 6,bluetooth,,,,,,,,,,,,,,,,,,,,,,,,,,,,,,,,,,,,,,,,,,,,,,,,,,,,,,,,
相机,photography basics,photography for beginners,photography composition,photography hacks,photography tips,fujifilm,a7iii,photography ideas,photography tricks,dslr,mirrorless,canon,nikon,35mm,camera raw,5d4,adobe camera raw,photography,a7m3,lense,sony a7iii,a73,50mm,6d2,leica,lens,a6400,testv,photoshop,adobe lightroom,adobe,rx100,portrait,hyperlapse,photoshop tutorial,photoshop cc,photography skills,,,,,,,,,,,,,,,,,,,,,,,
无人机,uav,drone,selfie drone,mavic mini,phantom,phantom4,aerial photography,mavic 2 pro,drone footage,phantom3,,,,,,,,,,,,,,,,,,,,,,,,,,,,,,,,,,,,,,,,,,,,,,,,,,
财经资讯,c&kgo,stock market,stocks,etf,beckie analysis,sp500,trader beckie,etoro,nasdaq,trading,financial crisis,market analysis,stock invest,dividend,finance,day trade,gold invest,tsla,stock,investing,nio,gdp,investment,bull market,us market,s&p500,asset,futures,reit,personal finance,recession,bear market,forex,warren buffett,financial planning,traderbeckie,reits,,,,,,,,,,,,,,,,,,,,,,,
品牌故事,enterprise story,business story,brand history,brand story,macd,c&kgo,,,,,,,,,,,,,,,,,,,,,,,,,,,,,,,,,,,,,,,,,,,,,,,,,,,,,,
财经知识,stocks,stock market,etf,trading,beckie analysis,trader beckie,finance,investment,etoro,investing,s&p500,dividend,personal finance,stock,reit,day trade,market analysis,macd,financial crisis,asset,sp500,nasdaq,tsla,us market,bull market,forex,gdp,futures,bitcoin,stock invest,gold invest,recession,stockmarket,financial planning,bear market,,,,,,,,,,,,,,,,,,,,,,,,,
基金,stock market,stocks,sp500,gold invest,stock invest,dividend,finance,stock,investing,day trade,bull market,futures,asset,investment,personal finance,reit,reits,,,,,,,,,,,,,,,,,,,,,,,,,,,,,,,,,,,,,,,,,,,
保险,personal finance,stock,financial planning,,,,,,,,,,,,,,,,,,,,,,,,,,,,,,,,,,,,,,,,,,,,,,,,,,,,,,,,,
比特币,bitcoin,blockchain,btc,eth,cryptocurrency,investment,litecoin,,,,,,,,,,,,,,,,,,,,,,,,,,,,,,,,,,,,,,,,,,,,,,,,,,,,,
房地产,new homes for sale,model home,houston real estate,home buying tips 2020,home for sale,real estate investment,luxury home,real estate,luxury real estate,mega mansion tour,reit,real estate pricing,most expensive homes,mega mansions,realtor,,,,,,,,,,,,,,,,,,,,,,,,,,,,,,,,,,,,,,,,,,,,,
股票,stock market,stocks,etf,beckie analysis,trading,trader beckie,sp500,nasdaq,dividend,market analysis,finance,stock invest,stock,us market,day trade,s&p500,bull market,bear market,stockmarket,,,,,,,,,,,,,,,,,,,,,,,,,,,,,,,,,,,,,,,,,
赚钱,make money online,passive income,make money fast,make money online 2019,make money online fast,how to make money,how to build wealth,financiallyfree,stock market for beginners,passive income 2019,,,,,,,,,,,,,,,,,,,,,,,,,,,,,,,,,,,,,,,,,,,,,,,,,,
投资,investment,investing,,,,,,,,,,,,,,,,,,,,,,,,,,,,,,,,,,,,,,,,,,,,,,,,,,,,,,,,,,
外汇,forex,trading,etf,futures,,,,,,,,,,,,,,,,,,,,,,,,,,,,,,,,,,,,,,,,,,,,,,,,,,,,,,,,
宏观经济,stock market,financial crisis,gdp,nasdaq,us market,recession,,,,,,,,,,,,,,,,,,,,,,,,,,,,,,,,,,,,,,,,,,,,,,,,,,,,,,
行销,make money online,passive income,make money fast,affiliate marketing,make money online 2019,passive income ideas 2019,passive income ideas,make money online fast,stock market,market analysis,personal finance,how to make money,dividend,woocommerce,investing,entrepreneur ideas,investment,passive income 2019,entrepreneurship,youtube channel review,financial freedom,stocks,asset,trading,us market,trader beckie,retirement,make money,success,roe,how to build wealth,,,,,,,,,,,,,,,,,,,,,,,,,,,,,
经济危机,stock market,sparkliang,5g 00861,stocks,etf,401k,beckie analysis,spark liang,financial crisis,trader beckie,sp500,gold invest,etoro,stock invest,investing,bull market,nasdaq,trading,a50,bitcoin,s&p500,dividend,dow,gdp,market analysis,day trade,finance,reit,recession,us market,asset,bear market,personal finance,reits,stock,investment,blockchain,ficc,tsla,warren buffett,federal reserve,financial planning,cfd,forex,finance news,traderbeckie,amzn,,,,,,,,,,,,,
海外置业,irvine,new homes for sale,new homes,model home,property management,houston real estate,home buying tips 2020,home for sale,zhonghuodichan.com,altair irvine,ufund investment,zhonghuodichan,real estate investment,luxury home,ufund real estate fund,real estate,luxury real estate,real estate pricing,ufund,mega mansion tour,house123,altair,investing,investment,invest in real estate,most expensive homes,mega mansions,orange county,real estate agent,property,texas real estate,realtor,,,,,,,,,,,,,,,,,,,,,,,,,,,,
期货,stocks,sparkliang,trading,etf,stock market,spark liang,beckie analysis,investment,forex,etoro,day trade,dividend,investing,us market,finance,s&p500,trader beckie,861,nasdaq,401k,macd,reit,market analysis,sp500,gdp,a50,financial crisis,stock,multicharts,personal finance,asset,dow,bull market,bitcoin,cfd,stock invest,blockchain,gold invest,stockmarket,ficc,eth,,,,,,,,,,,,,,,,,,,
汽车评测,benz,lexus,peugeot,top gear,skoda,sedan,suv,mpv,maserati,topgear hk,rolls royce,yyp,topgear,fiat,audi,volkswagen,the grand tour,chinese car,kia,mazda,cadillac,rav4,ford,buick,mitsubishi,jdm,fmc,mercedes-benz,testdrive,mercedes,car show,altis,new car,wagon,amg,tuning,acc,coupe,bmw,hyundai,glc,awd,volvo,infiniti,car review,used car,offroad,aston martin,cuv,automotive,,,,,,,,,,
修车保养,benz,lexus,mpv,sedan,suv,fmc,peugeot,skoda,yyp,chinese car,rav4,topgear hk,mazda,wagon,mitsubishi,coupe,testdrive,volkswagen,r32,audi,offroad,maserati,fiat,mercedes,bmw,kia,altis,tuning,cuv,cadillac,amg,rolls royce,subaru,toyota,ford,2jz,hrv,awd,wrx,chevrolet,auris,nissan,,,,,,,,,,,,,,,,,,
二手车,benz,lexus,peugeot,fmc,skoda,suv,mazda,tuning,volkswagen,mitsubishi,r32,rav4,pit63,car show,jdm,rolls royce,stance,sedan,audi,dc2,ニスモ,mpv,bmw,top gear,wrx,sr20,topgear hk,topgear,amg,fiat,goo,supra,ford,chinese car,maserati,mercedes,subaru,wagon,cadillac,altis,super snow show,r15,toyota,acc,yyp,type r,rb26,gtr,nsx,,,,,,,,,,,
摩托车,motovlog,ducati,aprilia,shoei,cbr650r,カワサキ,gsxr,crf250,motorcycle,13n,crf150,kawasaki,s1000rr,cb650r,z900rs,stance,zx10r,rsv4,cb1000r,honda,suzuki,ktr,moto,cb1100rs,benz,dc2,lexus,burnouts,r25,husqvarna,ktm,vtec,wokarider,agv,kymco,z1000,gsx,r35,cbr,gsxr600,yamaha,tuning,,,,,,,,,,,,,,,,,,
汽车改装,benz,lexus,mpv,peugeot,skoda,yyp,sedan,suv,chinese car,buick,top gear,topgear,jdm,topgear hk,the grand tour,cadillac,mazda,fmc,audi,rav4,volkswagen,testdrive,acc,fiat,wagon,bmw,aston martin,rolls royce,maserati,ford,amg,coupe,mercedes,altis,tnga,mercedes-benz,glc,r32,hrv,chevrolet,model 3,bentley,used car,offroad,awd,new car,civic,auris,mitsubishi,kia,,,,,,,,,,
汽车知识,lexus,peugeot,mpv,benz,yyp,suv,topgear,sedan,topgear hk,skoda,fmc,chinese car,top gear,rav4,audi,jdm,mazda,buick,cadillac,fiat,testdrive,volkswagen,7car,altis,the grand tour,wagon,rolls royce,acc,maserati,ford,car testing,mercedes-benz,bmw,tuning,coupe,kia,super snow show,used car,aston martin,awd,auris,amg,hyundai,car show,glc,mitsubishi,cuv,bentley,chevrolet,model3,,,,,,,,,,
汽车资讯,benz,top gear,lexus,topgear,sedan,peugeot,skoda,topgear hk,suv,mpv,the grand tour,cadillac,chinese car,fiat,maserati,fmc,rolls royce,volkswagen,yyp,testdrive,buick,audi,wagon,car show,mazda,rav4,jdm,kia,tuning,ford,mercedes-benz,aston martin,mitsubishi,altis,acc,amg,mercedes,coupe,offroad,pit63,bmw,new car,7car,glc,chevrolet,awd,car review,bentley,used car,cuv,,,,,,,,,,
汽车展,benz,the grand tour,super snow show,buick,lexus,sedan,skoda,cadillac,mpv,volkswagen,fiat,chevrolet,peugeot,audi,new car,bmw 335i,maserati,rav4,suv,mercedes,bentley,fmc,car review,aston martin,dodge,ford,mitsubishi,chinese car,altis,amg,testdrive,mazda,volvo,kia,gogoro,gtr,wagon,,,,,,,,,,,,,,,,,,,,,,,
自行车,downhill,biking,mtb,sram,mountain bike,road bike,cycling,kom,bike,strava,bike indoors,ゴープロ,enduro,helmet cam,カワサキ,dirt bike,safa brian,followcamfriday,safa,wokarider,road biking,aprilia,fiets,downhill mtb,mountain biking,descend,riding,descending,dirtbike,offroad,shoei,descentdisciples,,,,,,,,,,,,,,,,,,,,,,,,,,,,
新能源汽车,model 3,nio,model x,electric car,model3,lexus,skoda,peugeot,top gear,topgear hk,audi,mpv,tesla,benz,chinese car,sedan,model s,tsla,buick,volkswagen,baojun,topgear,suv,awd,jdm,testdrive,rolls royce,model y,fiat,glc,mazda,the grand tour,fmc,maserati,long range,coupe,ford,wagon,amg,altis,acc,jaguar,bmw,mitsubishi,kia,volvo,tesla model 3,cadillac,byd,,,,,,,,,,,
试驾,benz,suv,lexus,topgear,sedan,peugeot,skoda,topgear hk,mpv,top gear,testdrive,yyp,rav4,chinese car,kia,maserati,fiat,mitsubishi,acc,rolls royce,ford,mazda,coupe,audi,wagon,jdm,volkswagen,mercedes-benz,cadillac,bmw,altis,buick,new car,awd,r32,offroad,used car,amg,car show,mercedes,the grand tour,tuning,fmc,glc,cuv,tnga,carzy.official,hyundai,hrv,gtr,,,,,,,,,,
豪车,benz,rolls royce,top gear,lexus,maserati,audi,mercedes,cadillac,aston martin,bentley,mercedes-benz,mercedes benz,bmw,mclaren,,,,,,,,,,,,,,,,,,,,,,,,,,,,,,,,,,,,,,,,,,,,,,
军事解说,pla,chinese military,"""peoples liberation army""",china army,war,military,chiến tranh,wwii,world war ii,world war 2,ddj,second sino-japanese war,ww2,ridiculous anti-japan plays,military people,guerra,eighth route army,война,guerre,corps,perang,sniper,weapon,korean war,usa military channel,military intelligence,,,,,,,,,,,,,,,,,,,,,,,,,,,,,,,,,,
纪实,chinese military,china army,world war ii,wwii,"""peoples liberation army""",war,pla,military,world war 2,chiến tranh,ww2,second sino-japanese war,military people,guerra,война,guerre,eighth route army,corps,sniper,usa military channel,military exercise,korean war,military training,weapon,,,,,,,,,,,,,,,,,,,,,,,,,,,,,,,,,,,,
军情,pla,chinese military,"""peoples liberation army""",china army,military,war,chiến tranh,world war ii,wwii,world war 2,ww2,military people,eighth route army,second sino-japanese war,guerra,война,corps,guerre,sniper,military intelligence,weapon,usa military channel,,,,,,,,,,,,,,,,,,,,,,,,,,,,,,,,,,,,,,
武器,sniper,military,second sino-japanese war,battlefield1,military people,ww2,chiến tranh,,,,,,,,,,,,,,,,,,,,,,,,,,,,,,,,,,,,,,,,,,,,,,,,,,,,,
演讲,ted,ted talks,ted-ed,teded,psychology,nightblue,ted ed,,,,,,,,,,,,,,,,,,,,,,,,,,,,,,,,,,,,,,,,,,,,,,,,,,,,,
职场,job hunting,knowledge,self improvement,retirement,,,,,,,,,,,,,,,,,,,,,,,,,,,,,,,,,,,,,,,,,,,,,,,,,,,,,,,,
公开课,,,,,,,,,,,,,,,,,,,,,,,,,,,,,,,,,,,,,,,,,,,,,,,,,,,,,,,,,,,,
学科,knowledge,raise knowledge,psychology,popular science,how to draw for beginners,motion graphics,science education,computer science,,,,,,,,,,,,,,,,,,,,,,,,,,,,,,,,,,,,,,,,,,,,,,,,,,,,
心理学,mindset,goodhealing,psychology,positive,law of attraction,psyman,self improvement,,,,,,,,,,,,,,,,,,,,,,,,,,,,,,,,,,,,,,,,,,,,,,,,,,,,,
K12,babybus,baby bus,learn chinese,learn colors,,,,,,,,,,,,,,,,,,,,,,,,,,,,,,,,,,,,,,,,,,,,,,,,,,,,,,,,
高考,,,,,,,,,,,,,,,,,,,,,,,,,,,,,,,,,,,,,,,,,,,,,,,,,,,,,,,,,,,,
留学,ielts,uk daily,uk dialy,toefl,study abroad,daily vlog,studyabroad,immigration,laowai,,,,,,,,,,,,,,,,,,,,,,,,,,,,,,,,,,,,,,,,,,,,,,,,,,,
时间管理,self improvement,,,,,,,,,,,,,,,,,,,,,,,,,,,,,,,,,,,,,,,,,,,,,,,,,,,,,,,,,,,
考研,,,,,,,,,,,,,,,,,,,,,,,,,,,,,,,,,,,,,,,,,,,,,,,,,,,,,,,,,,,,
公务员,,,,,,,,,,,,,,,,,,,,,,,,,,,,,,,,,,,,,,,,,,,,,,,,,,,,,,,,,,,,
学习技巧,ielts,toefl,toeic,grammar,english pronunciation,maaaxter english,maaaxter,vocabulary,esl,accent,pronunciation,clb,learn english,british english,english speaking,learning english,speaking,english grammar,study,oral english,study abroad,listening,english,speak,english learning,중국어배우기,,,,,,,,,,,,,,,,,,,,,,,,,,,,,,,,,,
创业,investment,investing,market analysis,financial planning,financial freedom,investing for beginners,,,,,,,,,,,,,,,,,,,,,,,,,,,,,,,,,,,,,,,,,,,,,,,,,,,,,,
自媒体,social media company,international social media,ins,china tiktok,dujiaoshou,dujiaoshow,,,,,,,,,,,,,,,,,,,,,,,,,,,,,,,,,,,,,,,,,,,,,,,,,,,,,,
软件教学,lightroom,effects,adobe,premiere,retouch,photoshop,camera raw,cs5,bandwagonhost,cs6,adobe premiere,adobe photoshop,premiere pro cc,v2ray,adobe lightroom,adobe bridge,premiere pro,photoshop tutorial,cs5.5,twixtor,after effects tutorial,photoshop cc,lrtimelapse,aftereffect,after effect,vps,photographer,hyperlapse,premierepro,photography tips,film riot,photography,photoshop cs6,,,,,,,,,,,,,,,,,,,,,,,,,,,
阅读,speed reading,books,book sharing,,,,,,,,,,,,,,,,,,,,,,,,,,,,,,,,,,,,,,,,,,,,,,,,,,,,,,,,,
英语,toefl,maaaxter english,grammar,maaaxter,learn english,esl,ielts,accent,oral english,pronunciation,travel english,english vocabulary,toeic,vocabulary,english pronunciation,english speaking,english analysis,speak english,spoken english,english unlimited,tiantianenglish,business english,english learning,everyday english,english,studioclassroom,english conversation,english teacher,english lesson,english grammar,bbc english,english language,learning english,words,speaking english,finnies language arts,"""finnies language arts""",speaking,learn english tube,listening,,,,,,,,,,,,,,,,,,,,
韩语,learn korean,한국어공부,한국문화,korean language,,,,,,,,,,,,,,,,,,,,,,,,,,,,,,,,,,,,,,,,,,,,,,,,,,,,,,,,
日语,カタカナ,yuma,jlpt,hiragana,katakana,일본어공부,ひらがな,일본어,일어,,,,,,,,,,,,,,,,,,,,,,,,,,,,,,,,,,,,,,,,,,,,,,,,,,,
汉语,hsk,ピンイン,study chinese,chinese listening,learn chinese online,learn chinese for beginners,free online chinese course,speaking chinese,learn chinese,learnchinese,learning chinese,speak chinese,중국어배우기,,,,,,,,,,,,,,,,,,,,,,,,,,,,,,,,,,,,,,,,,,,,,,,
法语,learn french,apprendre le français,,,,,,,,,,,,,,,,,,,,,,,,,,,,,,,,,,,,,,,,,,,,,,,,,,,,,,,,,,
考古,unsolved mysteries,,,,,,,,,,,,,,,,,,,,,,,,,,,,,,,,,,,,,,,,,,,,,,,,,,,,,,,,,,,
历史揭秘,wwii,world war ii,history,,,,,,,,,,,,,,,,,,,,,,,,,,,,,,,,,,,,,,,,,,,,,,,,,,,,,,,,,
历史知识,war,война,chinese history,wwii,chiến tranh,eighth route army,guerre,world war 2,world war ii,second sino-japanese war,guerra,ww2,korean war,history,cao cao,,,,,,,,,,,,,,,,,,,,,,,,,,,,,,,,,,,,,,,,,,,,,
历史故事,three kingdoms,cao cao,chinese history,eighth route army,journey to the west,"""peoples liberation army""",война,chiến tranh,guerre,world war 2,liu bei,war,chinese military,lao liang,wwii,total war,corps,guerra,,,,,,,,,,,,,,,,,,,,,,,,,,,,,,,,,,,,,,,,,,
历史纪录片,history documentary,wwii,youtube documentary,world war ii,world war 2,,,,,,,,,,,,,,,,,,,,,,,,,,,,,,,,,,,,,,,,,,,,,,,,,,,,,,,
博物馆,chinese coutry,british museum,,,,,,,,,,,,,,,,,,,,,,,,,,,,,,,,,,,,,,,,,,,,,,,,,,,,,,,,,,
民俗文化,farmming,chinese traditional,,,,,,,,,,,,,,,,,,,,,,,,,,,,,,,,,,,,,,,,,,,,,,,,,,,,,,,,,,
中国古代,war,chinese history,guerre,three kingdoms,lao liang,cao cao,history,,,,,,,,,,,,,,,,,,,,,,,,,,,,,,,,,,,,,,,,,,,,,,,,,,,,,
战争,war,world war ii,world war 2,chinese military,wwii,chiến tranh,guerra,military,second sino-japanese war,война,ww2,guerre,"""peoples liberation army""",military people,eighth route army,sniper,china army,corps,korean war,weapon,ww2 japen,,,,,,,,,,,,,,,,,,,,,,,,,,,,,,,,,,,,,,,
鉴宝,,,,,,,,,,,,,,,,,,,,,,,,,,,,,,,,,,,,,,,,,,,,,,,,,,,,,,,,,,,,
艺术,watercolorpainting,watercolor,watercolour,sketch,abstract painting videos,drawing,그림,watercolour painting,watercolor painting,スケッチ,painting,circle line art,sketching,pencil drawing,artwork,trick art,,,,,,,,,,,,,,,,,,,,,,,,,,,,,,,,,,,,,,,,,,,,
说书,journey to the west,중국어 이야기,unsolved mysteries,,,,,,,,,,,,,,,,,,,,,,,,,,,,,,,,,,,,,,,,,,,,,,,,,,,,,,,,,
匠人,carpentry,tenon,diy craft,artkala crafts,craft,plastic bottle craft ideas,waste material craft,craftsman,handcrafted,,,,,,,,,,,,,,,,,,,,,,,,,,,,,,,,,,,,,,,,,,,,,,,,,,,
古董,,,,,,,,,,,,,,,,,,,,,,,,,,,,,,,,,,,,,,,,,,,,,,,,,,,,,,,,,,,,
小说,けものフレンズ３,dragon ball legend,wuxia,wuxiaworld,story of yanxi palace,wu dong qian kun,a song of ice and fire,starwar,mr honesty,a will eternal,,,,,,,,,,,,,,,,,,,,,,,,,,,,,,,,,,,,,,,,,,,,,,,,,,
书画,watercolorpainting,watercolor,,,,,,,,,,,,,,,,,,,,,,,,,,,,,,,,,,,,,,,,,,,,,,,,,,,,,,,,,,
书法,chinese calligraphy,semi-cursive script,한문서예,서예,해서,캘리그라피,한글서예,kaishu,행서,calligraphy,tian yunzhang,예서,붓글씨,regular script,구체,xingshu,meiri yizi,japanese calligraphy,caoshu,cursive script,육조체,kanji,calligraphy for beginners,,,,,,,,,,,,,,,,,,,,,,,,,,,,,,,,,,,,,
建筑,architecture,シフクノいえ,,,,,,,,,,,,,,,,,,,,,,,,,,,,,,,,,,,,,,,,,,,,,,,,,,,,,,,,,,
行为艺术,,,,,,,,,,,,,,,,,,,,,,,,,,,,,,,,,,,,,,,,,,,,,,,,,,,,,,,,,,,,
国学,,,,,,,,,,,,,,,,,,,,,,,,,,,,,,,,,,,,,,,,,,,,,,,,,,,,,,,,,,,,
雕塑,,,,,,,,,,,,,,,,,,,,,,,,,,,,,,,,,,,,,,,,,,,,,,,,,,,,,,,,,,,,
戏剧,teochew opera,drama,chinese opera,chinese drama,nam hwa opera,opera,,,,,,,,,,,,,,,,,,,,,,,,,,,,,,,,,,,,,,,,,,,,,,,,,,,,,,
戏曲,chinese opera,teochew opera,xiqu,traditional opera,,,,,,,,,,,,,,,,,,,,,,,,,,,,,,,,,,,,,,,,,,,,,,,,,,,,,,,,
宗教,キリスト,ハッピーちゃん,towerofsaviors,,,,,,,,,,,,,,,,,,,,,,,,,,,,,,,,,,,,,,,,,,,,,,,,,,,,,,,,,
儿童节目,pinkfong,babybus,baby bus,boram,,,,,,,,,,,,,,,,,,,,,,,,,,,,,,,,,,,,,,,,,,,,,,,,,,,,,,,,
儿童玩具,toys review,toy review,kids toys,toy unboxing,토이,megatron,peppa pig,ultraman,ultraman rosso,toys unboxing,jo channel,peppa,actionfigure,lalilu cn,shf,ของเล่น,bandai,mell-chan,lego,ultraman blu,s.h.figuarts,doll,toys for kids,peppa pig chinese,lego city,,,,,,,,,,,,,,,,,,,,,,,,,,,,,,,,,,,
儿童游戏,babybus,baby bus,,,,,,,,,,,,,,,,,,,,,,,,,,,,,,,,,,,,,,,,,,,,,,,,,,,,,,,,,,
儿童动画,babybus,baby bus,peppa pig,peppa,cartoons,pinkfong,kids cartoon,cartoons for kids,peppa pig chinese,peppa chinese,pengpenghu,peppapig,kids animation,super jojo mandarin,paw patrol,super jojo chinese,,,,,,,,,,,,,,,,,,,,,,,,,,,,,,,,,,,,,,,,,,,,
童话故事,chinese fairy tales,chinese fairy tale,storytelling,bedtime story,,,,,,,,,,,,,,,,,,,,,,,,,,,,,,,,,,,,,,,,,,,,,,,,,,,,,,,,
儿歌,kids songs,babybus,baby bus,pinkfong,nursery rhymes,kids song,babyshark,children songs,kindergarten songs,pengpenghu,nursery songs,songs for children,abc song,baby songs,toddler songs,kids music,five little ducks,songs for kids,baby shark,kid songs,baby song,baa baa black sheep,"""childrens song""",alphabet song,,,,,,,,,,,,,,,,,,,,,,,,,,,,,,,,,,,,
早教,babybus,kids songs,baby bus,pinkfong,babyshark,super jojo mandarin,pengpenghu,nursery rhymes,kids animation,super jojo chinese,kids cartoon,kids song,videos for kids,peppa pig,kids toys,kindergarten songs,kids videos,토이,children songs,five little ducks,nursery songs,cartoons for kids,abc song,baby shark,kids music,peppa,어린이중국어,toddler songs,jo channel,children learning,songs for children,baa baa black sheep,boram,,,,,,,,,,,,,,,,,,,,,,,,,,,
美酒,wine,beer,cocktail,whisky,,,,,,,,,,,,,,,,,,,,,,,,,,,,,,,,,,,,,,,,,,,,,,,,,,,,,,,,


tag为0主题,,,,
灾害,,,,
剪辑片段,,,,
影视混剪,,,,
武侠剧,,,,
日本综艺,,,,
杂技,,,,
娱乐产业,,,,
鬼畜,,,,
美漫,,,,
动漫教学,,,,
Q版,,,,
OP,,,,
ED,,,,
JK制服,,,,
同人,,,,
洛天依,,,,
民族舞,,,,
拉丁舞,,,,
手势舞,,,,
演唱会LIVE,,,,
街拍,,,,
零食,,,,
川菜,,,,
基建,,,,
魔方,,,,
转笔,,,,
沙画,,,,
两性健康,,,,
癌症,,,,
艾滋病,,,,
普拉提,,,,
瘦手臂,,,,
医疗纪实,,,,
冰上运动,,,,
动物竞技,,,,
公开课,,,,
高考,,,,
考研,,,,
公务员,,,,
鉴宝,,,,
古董,,,,
行为艺术,,,,
国学,,,,
雕塑,,,,
