社会热点,"国际热点,国际新闻,时政,热点新闻,热点时局,世界新闻,时事热点,热点互动,亚洲新闻,海峡两岸,政论,国内新闻,时政新闻,时事新闻,要闻,时事点评,新闻报道,时事政治,新闻解读,紧张局势,地缘政治,早间新闻,美洲新闻",国际热点,国际新闻,时政,热点新闻,热点时局,世界新闻,时事热点,热点互动,亚洲新闻,海峡两岸,政论,国内新闻,时政新闻,时事新闻,要闻,时事点评,新闻报道,时事政治,新闻解读,紧张局势,地缘政治,早间新闻,美洲新闻,,,,,,,
真实案件,"cctv社会与法,cctv法制,天网恢恢,普法,社会与法,讲述,法制,大案,刑侦,大案纪实,今日说法,刑事案件,奇案,大胆科学,探案,真实案件,奇闻野史,神秘事件,悬案",cctv社会与法,cctv法制,天网恢恢,普法,社会与法,讲述,法制,大案,刑侦,大案纪实,今日说法,刑事案件,奇案,大胆科学,探案,真实案件,奇闻野史,神秘事件,悬案,,,,,,,,,,,
奇闻怪事,"鬼叔怪谈,灵异事件,灵异故事,毛骨悚然,灵异探险,鬼叔,恐怖小说,奇案,灵异实录,探灵,怪谈鬼叔,恐怖故事,神秘事件,都市怪谈,奇闻怪事,鬼故,恐怖事件,脑洞乌托邦,传闻,探案,悬案,民间故事,鬼故事,超自然的,真实案件,民间传说",鬼叔怪谈,灵异事件,灵异故事,毛骨悚然,灵异探险,鬼叔,恐怖小说,奇案,灵异实录,探灵,怪谈鬼叔,恐怖故事,神秘事件,都市怪谈,奇闻怪事,鬼故,恐怖事件,脑洞乌托邦,传闻,探案,悬案,民间故事,鬼故事,超自然的,真实案件,民间传说,,,,
正能量,"励志文章,励志小故事,励志小语,励志故事,励志影片,励志歌曲,感人文章,感人故事,励志格言佳句,励志名言,励志的话,劳动者,鼓励励志小语,心灵享宴,自信心励志小语,励志小品,心灵影片,社会正能量,耕耘,温馨励志小语",励志文章,励志小故事,励志小语,励志故事,励志影片,励志歌曲,感人文章,感人故事,励志格言佳句,励志名言,励志的话,劳动者,鼓励励志小语,心灵享宴,自信心励志小语,励志小品,心灵影片,社会正能量,耕耘,温馨励志小语,,,,,,,,,,
人物,"一条视频,感人故事,劳动者,第三调解室btv,大城小事btv,生命缘btv",一条视频,感人故事,劳动者,第三调解室btv,大城小事btv,生命缘btv,,,,,,,,,,,,,,,,,,,,,,,,
社会实验,"大树君,中国街头测试,中国社会实验,街头测试,社会实验,街头实验,真实社会实验",大树君,中国街头测试,中国社会实验,街头测试,社会实验,街头实验,真实社会实验,,,,,,,,,,,,,,,,,,,,,,,
时评,"时政,要闻,热点互动,政论,热点新闻,时事热点,热点时局,时事政治,时事新闻,新闻报道,世界新闻,国际新闻,亚洲新闻,地缘政治,时事点评,时政新闻,国内新闻",时政,要闻,热点互动,政论,热点新闻,时事热点,热点时局,时事政治,时事新闻,新闻报道,世界新闻,国际新闻,亚洲新闻,地缘政治,时事点评,时政新闻,国内新闻,,,,,,,,,,,,,
交通事故,"交通事故合集,行车记录仪,中国交通事故,路怒症,车祸合集,交通意外,撞车,加塞,中国交通,危险驾驶,肇事,超速,马路三宝,闯红灯,车祸,马路炸弹,行车安全,女司机,交通事故,路怒症合集,交通意外合集,行车记录,十字路口,三宝车祸",交通事故合集,行车记录仪,中国交通事故,路怒症,车祸合集,交通意外,撞车,加塞,中国交通,危险驾驶,肇事,超速,马路三宝,闯红灯,车祸,马路炸弹,行车安全,女司机,交通事故,路怒症合集,交通意外合集,行车记录,十字路口,三宝车祸,,,,,,
灾害,"山体滑坡,决壊,中国洪水,洩洪,大陆水灾,泄洪,三峡大坝崩溃,洪峰,避难,紧急地震速报,自然灾害,水灾,巨大地震,水淹,避难所,北海道地震,冠水,洪水,洪灾,溃堤,水害",山体滑坡,决壊,中国洪水,洩洪,大陆水灾,泄洪,三峡大坝崩溃,洪峰,避难,紧急地震速报,自然灾害,水灾,巨大地震,水淹,避难所,北海道地震,冠水,洪水,洪灾,溃堤,水害,,,,,,,,,
短片,短片电影,短片电影,,,,,,,,,,,,,,,,,,,,,,,,,,,,,
剪辑片段,电影剪辑,电影剪辑,,,,,,,,,,,,,,,,,,,,,,,,,,,,,
预告片,"电影预告,中国电影频道,剧透,电影预告2020",电影预告,中国电影频道,剧透,电影预告2020,,,,,,,,,,,,,,,,,,,,,,,,,,
幕后花絮,电影幕后故事,电影幕后故事,,,,,,,,,,,,,,,,,,,,,,,,,,,,,
影评,"深度电影,深入电影,影片心得,电影吐槽,电影评论,电影心得",深度电影,深入电影,影片心得,电影吐槽,电影评论,电影心得,,,,,,,,,,,,,,,,,,,,,,,,
影视解说,"短片电影,讲电影,十分钟看电影,宇哥讲电影,几分钟看完电影,几分钟说电影,小涛讲电影,五分钟看电影,深入电影,电影吐槽,说电影,三分钟看电影,好看电影,神速完剧,排名电影,电影讲解,分分钟看完电影,越哥说电影,好看解说,电影盘点,几分钟电影,几分钟看完,分分钟看电影,电影解说推荐,深度电影,影视推荐,豆瓣电影",短片电影,讲电影,十分钟看电影,宇哥讲电影,几分钟看完电影,几分钟说电影,小涛讲电影,五分钟看电影,深入电影,电影吐槽,说电影,三分钟看电影,好看电影,神速完剧,排名电影,电影讲解,分分钟看完电影,越哥说电影,好看解说,电影盘点,几分钟电影,几分钟看完,分分钟看电影,电影解说推荐,深度电影,影视推荐,豆瓣电影,,,
影视混剪,影视剪影,影视剪影,,,,,,,,,,,,,,,,,,,,,,,,,,,,,
影视资讯,"电影信息,电影杂志",电影信息,电影杂志,,,,,,,,,,,,,,,,,,,,,,,,,,,,
大陆电视剧,"箭在弦上noah,浪花一朵朵noah,守卫者浮出水面noah,莫斯科行动noah,都挺好noah,我的前半生noah,惊蛰noah,好看的电视剧,我站在桥上看风景noah,河山noah,南下南下noah,最新电视剧,好看电视剧,外科风云noah,好久不见noah,大陆电视剧,家庭剧,中文电视剧,中剧,精选电视剧,电视剧2020,2020电视剧,法医秦明noah,生死线noah,金牌投资人noah,中国好剧,锦绣南歌,烽火影人noah,漂亮书生",箭在弦上noah,浪花一朵朵noah,守卫者浮出水面noah,莫斯科行动noah,都挺好noah,我的前半生noah,惊蛰noah,好看的电视剧,我站在桥上看风景noah,河山noah,南下南下noah,最新电视剧,好看电视剧,外科风云noah,好久不见noah,大陆电视剧,家庭剧,中文电视剧,中剧,精选电视剧,电视剧2020,2020电视剧,法医秦明noah,生死线noah,金牌投资人noah,中国好剧,锦绣南歌,烽火影人noah,漂亮书生,
大陆电影,"中文电影,内地电影,大陆电影,中国电影,热门电影,电影频道,中国电影频道,最新电影,院线电影,好看电影,华语电影,电影大剧院,网络大电影",中文电影,内地电影,大陆电影,中国电影,热门电影,电影频道,中国电影频道,最新电影,院线电影,好看电影,华语电影,电影大剧院,网络大电影,,,,,,,,,,,,,,,,,
美剧,"美剧,美剧解说",美剧,美剧解说,,,,,,,,,,,,,,,,,,,,,,,,,,,,
科幻片,"科幻片,科幻短片,科幻电影,奇幻片,奇幻电影",科幻片,科幻短片,科幻电影,奇幻片,奇幻电影,,,,,,,,,,,,,,,,,,,,,,,,,
武侠剧,"杨过,金庸武侠,金庸小说,神雕侠侣,张无忌,武侠剧,黄蓉,射雕英雄传,小龙女,古装剧,郭靖,倚天屠龙记",杨过,金庸武侠,金庸小说,神雕侠侣,张无忌,武侠剧,黄蓉,射雕英雄传,小龙女,古装剧,郭靖,倚天屠龙记,,,,,,,,,,,,,,,,,,
偶像剧,"爱情剧,甜剧,甜宠剧",爱情剧,甜剧,甜宠剧,,,,,,,,,,,,,,,,,,,,,,,,,,,
内地综艺,"第三调解室btv,中歌会btv,生命缘btv,暖暖的新家btv,大城小事btv,最美和声btv,妻子的浪漫旅行4,妻子的浪漫旅行,跨界喜剧王btv,向往的星居btv,生活广角btv,哎呦你真美btv,好人故事,btv综合频道,跨界歌王btv,上新了故宫btv,生命缘,北京电视台生活频道,北京电视台新闻频道,向前一步btv,生命的礼物btv,大陆综艺,我想见到你btv",第三调解室btv,中歌会btv,生命缘btv,暖暖的新家btv,大城小事btv,最美和声btv,妻子的浪漫旅行4,妻子的浪漫旅行,跨界喜剧王btv,向往的星居btv,生活广角btv,哎呦你真美btv,好人故事,btv综合频道,跨界歌王btv,上新了故宫btv,生命缘,北京电视台生活频道,北京电视台新闻频道,向前一步btv,生命的礼物btv,大陆综艺,我想见到你btv,,,,,,,
港台综艺,"锵锵三人行,星光云,中天综合台,台湾综艺,中天电视台,台湾电视台综艺",锵锵三人行,星光云,中天综合台,台湾综艺,中天电视台,台湾电视台综艺,,,,,,,,,,,,,,,,,,,,,,,,
韩国综艺,韩国综艺,韩国综艺,,,,,,,,,,,,,,,,,,,,,,,,,,,,,
日本综艺,"拉非尔,拉斐尔中字,日本综艺,日本节目",拉非尔,拉斐尔中字,日本综艺,日本节目,,,,,,,,,,,,,,,,,,,,,,,,,,
真人秀,"妻子的浪漫旅行,妻子的浪漫旅行4,奔跑吧,王牌对王牌",妻子的浪漫旅行,妻子的浪漫旅行4,奔跑吧,王牌对王牌,,,,,,,,,,,,,,,,,,,,,,,,,,
脱口秀,"脱口秀大会,脱口秀大会第一季,吐槽大会,李诞,中国脱口秀,80后脱口秀,波波脱口秀,思文",脱口秀大会,脱口秀大会第一季,吐槽大会,李诞,中国脱口秀,80后脱口秀,波波脱口秀,思文,,,,,,,,,,,,,,,,,,,,,,
杂技,"舞狮,醒狮,尾牙表演,活动表演,口技",舞狮,醒狮,尾牙表演,活动表演,口技,,,,,,,,,,,,,,,,,,,,,,,,,
魔术,"魔术揭秘,魔术教学,最新魔术,大型魔术,刘谦魔术,刘谦魔术揭秘,魔术视频,魔术表演,刘谦,魔术解密,魔术教程,学魔术,魔术破解,街头魔术,魔术道具,魔术师,魔术,把妹魔术,高雄魔术表演,生活魔术,尾牙魔术,纸牌魔术,春酒表演",魔术揭秘,魔术教学,最新魔术,大型魔术,刘谦魔术,刘谦魔术揭秘,魔术视频,魔术表演,刘谦,魔术解密,魔术教程,学魔术,魔术破解,街头魔术,魔术道具,魔术师,魔术,把妹魔术,高雄魔术表演,生活魔术,尾牙魔术,纸牌魔术,春酒表演,,,,,,,
相声,"郭德纲相声,郭德纲于谦,郭德纲2020,于谦,郭德纲,张鹤伦,德云社相声,德云社2020,德云社,周九良,阎鹤祥,岳云鹏,孟鹤堂,最新相声,孙越,张云雷,小岳岳,郭德纲于谦2020,郭德纲单口,秦霄贤,德云社2020封箱,杨九郎,岳云鹏相声,郎鹤炎,栾云平,单口相声,德云社封箱,郭德纲于谦相声,郭德纲最新相声",郭德纲相声,郭德纲于谦,郭德纲2020,于谦,郭德纲,张鹤伦,德云社相声,德云社2020,德云社,周九良,阎鹤祥,岳云鹏,孟鹤堂,最新相声,孙越,张云雷,小岳岳,郭德纲于谦2020,郭德纲单口,秦霄贤,德云社2020封箱,杨九郎,岳云鹏相声,郎鹤炎,栾云平,单口相声,德云社封箱,郭德纲于谦相声,郭德纲最新相声,
小品,"白凯南,方清平,宋小宝,欢乐喜剧人,心灵小品,欢乐喜剧人第三季,赵本山",白凯南,方清平,宋小宝,欢乐喜剧人,心灵小品,欢乐喜剧人第三季,赵本山,,,,,,,,,,,,,,,,,,,,,,,
广播,"有声小说,有声读物,听书,有声故事,恐怖有声小说,网上电台,音频节目",有声小说,有声读物,听书,有声故事,恐怖有声小说,网上电台,音频节目,,,,,,,,,,,,,,,,,,,,,,,
内地娱乐,"朱正廷,黄明昊,王琳凯,尹正,范丞丞,张新成,白敬亭,邓伦,杨迪,谭松韵,潘粤明,杨颖,周震南,郑爽,李维嘉,李宇春,王耀庆,鹿晗,易烊千玺,大张伟,吴磊,佘诗曼,黄子韬,吴宣仪,罗云熙,周笔畅,孟美岐,杨洋",朱正廷,黄明昊,王琳凯,尹正,范丞丞,张新成,白敬亭,邓伦,杨迪,谭松韵,潘粤明,杨颖,周震南,郑爽,李维嘉,李宇春,王耀庆,鹿晗,易烊千玺,大张伟,吴磊,佘诗曼,黄子韬,吴宣仪,罗云熙,周笔畅,孟美岐,杨洋,,
港台娱乐,"g.e.m.邓紫棋,林志颖,周慧敏,张韶涵,齐秦,林志炫,王力宏,庾澄庆",g.e.m.邓紫棋,林志颖,周慧敏,张韶涵,齐秦,林志炫,王力宏,庾澄庆,,,,,,,,,,,,,,,,,,,,,,
东南亚娱乐,,,,,,,,,,,,,,,,,,,,,,,,,,,,,,,
韩国娱乐,"多贤,彩瑛,定延,志效,娜琏,子瑜,平井桃,名井南,凑崎纱夏,韩国女团,韩国男团,林娜琏,金多贤,朴志效,韩国娱乐新闻,孙彩瑛,金希澈,韩国娱乐",多贤,彩瑛,定延,志效,娜琏,子瑜,平井桃,名井南,凑崎纱夏,韩国女团,韩国男团,林娜琏,金多贤,朴志效,韩国娱乐新闻,孙彩瑛,金希澈,韩国娱乐,,,,,,,,,,,,
日本娱乐,"山下美月,梅泽美波,星野みなみ,西野七瀬,松村沙友理,堀未央奈,乃木坂工事中,松本润,大野智,生驹里奈,樱井翔,けやき坂46,乃木坂４６,与田祐希,佐藤健,长滨ねる,相叶雅纪,白石麻衣,深川麻衣,乃木坂ってどこ,高山一実,二宫和也,生田絵梨花,平手友梨奈,振りコピ,文字起こし,设楽统,桥本奈々未,大园桃子,池田エライザ",山下美月,梅泽美波,星野みなみ,西野七瀬,松村沙友理,堀未央奈,乃木坂工事中,松本润,大野智,生驹里奈,樱井翔,けやき坂46,乃木坂４６,与田祐希,佐藤健,长滨ねる,相叶雅纪,白石麻衣,深川麻衣,乃木坂ってどこ,高山一実,二宫和也,生田絵梨花,平手友梨奈,振りコピ,文字起こし,设楽统,桥本奈々未,大园桃子,池田エライザ
选秀,"朱正廷,黄明昊,王琳凯,吴宣仪,孟美岐,杨超越,硬糖少女303,尤长靖,侯明昊,范丞丞,希林娜依高,刘些宁,郑乃馨,傅菁,王艺瑾,周震南,炙热的我们,段奥娟,张艺凡,赵粤,王子异,硬糖少女,黄新淳",朱正廷,黄明昊,王琳凯,吴宣仪,孟美岐,杨超越,硬糖少女303,尤长靖,侯明昊,范丞丞,希林娜依高,刘些宁,郑乃馨,傅菁,王艺瑾,周震南,炙热的我们,段奥娟,张艺凡,赵粤,王子异,硬糖少女,黄新淳,,,,,,,
红毯,红毯,红毯,,,,,,,,,,,,,,,,,,,,,,,,,,,,,
娱乐产业,"蜜淘影业,院线电影",蜜淘影业,院线电影,,,,,,,,,,,,,,,,,,,,,,,,,,,,
网络红人,"娱乐主播,李佳琦,薇娅,李佳琦的小助理,口红一哥,罗永浩,佳琦,付鹏,网络红人",娱乐主播,李佳琦,薇娅,李佳琦的小助理,口红一哥,罗永浩,佳琦,付鹏,网络红人,,,,,,,,,,,,,,,,,,,,,
搞笑日常,"众量级crowd,反骨男孩,周末小剧场,蛋哥超有事,白癡公主,狂人娱乐,菜喳,蔡桃贵,瑀熙,顽game,搞神马",众量级crowd,反骨男孩,周末小剧场,蛋哥超有事,白癡公主,狂人娱乐,菜喳,蔡桃贵,瑀熙,顽game,搞神马,,,,,,,,,,,,,,,,,,,
街访,"神街访,颜值街访,街头采访,暴走街拍,神回复,街头调查,街头访问,街坊,乌贼君,怪话",神街访,颜值街访,街头采访,暴走街拍,神回复,街头调查,街头访问,街坊,乌贼君,怪话,,,,,,,,,,,,,,,,,,,,
鬼畜,"鬼畜调教,洗脑循环,搞笑配音",鬼畜调教,洗脑循环,搞笑配音,,,,,,,,,,,,,,,,,,,,,,,,,,,
段子,"搞笑段子,冷笑话,爆笑小品,美女搞笑,很好笑,段子,搞笑合集,最新搞笑视频,猪屁登,超好笑,搞笑抖音,抖音搞笑视频,超级搞笑视频,太逗了,抖音搞笑,小品一家人,波波脱口秀,搞笑小品",搞笑段子,冷笑话,爆笑小品,美女搞笑,很好笑,段子,搞笑合集,最新搞笑视频,猪屁登,超好笑,搞笑抖音,抖音搞笑视频,超级搞笑视频,太逗了,抖音搞笑,小品一家人,波波脱口秀,搞笑小品,,,,,,,,,,,,
搞笑短片,"搞笑短片,爆笑短片,超级搞笑,很好笑,抖音笑话,爆笑短剧,爆笑集锦,忍笑挑战,搞笑短剧,搞笑合集,冷笑话,美女搞笑,超好笑,抖音最新搞笑,搞笑动画,搞笑短视频,搞笑的视频,波波脱口秀,最新搞笑,最新搞笑视频,幽默短片",搞笑短片,爆笑短片,超级搞笑,很好笑,抖音笑话,爆笑短剧,爆笑集锦,忍笑挑战,搞笑短剧,搞笑合集,冷笑话,美女搞笑,超好笑,抖音最新搞笑,搞笑动画,搞笑短视频,搞笑的视频,波波脱口秀,最新搞笑,最新搞笑视频,幽默短片,,,,,,,,,
恶搞,"忍笑挑战,无俚头,忍笑,忍笑大挑战,恶作剧,情侣互整,憋笑,整蛊",忍笑挑战,无俚头,忍笑,忍笑大挑战,恶作剧,情侣互整,憋笑,整蛊,,,,,,,,,,,,,,,,,,,,,,
国漫,"国产动漫,斗罗大陆,国产动画,国漫,武动乾坤,国漫良心,刺客伍六七,唐三,斗破苍穹,国创,中国动漫",国产动漫,斗罗大陆,国产动画,国漫,武动乾坤,国漫良心,刺客伍六七,唐三,斗破苍穹,国创,中国动漫,,,,,,,,,,,,,,,,,,,
日漫,"路飞,毛利兰,和之国,索隆,灰原哀,恶魔果实,步美,怪盗基德,饿狼,鲁夫,日本动画,伟大航路,火影忍者疾风传,香克斯,海贼王,炎柱,博人传,毛利小五郎,燃魂士,航海王",路飞,毛利兰,和之国,索隆,灰原哀,恶魔果实,步美,怪盗基德,饿狼,鲁夫,日本动画,伟大航路,火影忍者疾风传,香克斯,海贼王,炎柱,博人传,毛利小五郎,燃魂士,航海王,,,,,,,,,,
美漫,"美漫,漫威漫画,迪士尼动画",美漫,漫威漫画,迪士尼动画,,,,,,,,,,,,,,,,,,,,,,,,,,,
番剧,"香奈乎,虫柱,外行员,伊之助,炎柱,无惨,袮豆子,恋柱,猗窝座,不死川,胡蝶忍,岩柱,蛇柱,路飞,甘露寺蜜璃,霞柱,黑死牟,蝴蝶忍,水柱,十二鬼月,嘴平伊之助,玄弥,鬼杀队",香奈乎,虫柱,外行员,伊之助,炎柱,无惨,袮豆子,恋柱,猗窝座,不死川,胡蝶忍,岩柱,蛇柱,路飞,甘露寺蜜璃,霞柱,黑死牟,蝴蝶忍,水柱,十二鬼月,嘴平伊之助,玄弥,鬼杀队,,,,,,,
动漫教学,头像手绘,头像手绘,,,,,,,,,,,,,,,,,,,,,,,,,,,,,
cosplay,"漫展,2020动漫展,动漫展2020,动漫展,2020台北动漫节",漫展,2020动漫展,动漫展2020,动漫展,2020台北动漫节,,,,,,,,,,,,,,,,,,,,,,,,,
ASMR,"咀嚼音,食べる音,ささやき声,食べるだけ,嗫き声,睡眠诱导,咀嚼,耳舐め,眠くなる,リップ音,看病ボイス",咀嚼音,食べる音,ささやき声,食べるだけ,嗫き声,睡眠诱导,咀嚼,耳舐め,眠くなる,リップ音,看病ボイス,,,,,,,,,,,,,,,,,,,
MMD,"东方mmd,mmd纸芝居,东方二次创作,东方物语,东方mmd纸芝居,美铃,幽々子,ゆっくり物语,东方ｍｍｄ",东方mmd,mmd纸芝居,东方二次创作,东方物语,东方mmd纸芝居,美铃,幽々子,ゆっくり物语,东方ｍｍｄ,,,,,,,,,,,,,,,,,,,,,
Q版,"q版,q版回力车,q版人物",q版,q版回力车,q版人物,,,,,,,,,,,,,,,,,,,,,,,,,,,
OP,"粤语op,粤语主题曲,tvb粤语主题曲",粤语op,粤语主题曲,tvb粤语主题曲,,,,,,,,,,,,,,,,,,,,,,,,,,,
ED,ドラマ主题歌,ドラマ主题歌,,,,,,,,,,,,,,,,,,,,,,,,,,,,,
汉服,"汉服相关,汉服配饰,中国华服日,汉服发型教程,汉服发型,发簪,汉服,华服,中国华服,古妆,汉服发饰,古装发型,汉服头饰,汉服日常,簪娘,服饰",汉服相关,汉服配饰,中国华服日,汉服发型教程,汉服发型,发簪,汉服,华服,中国华服,古妆,汉服发饰,古装发型,汉服头饰,汉服日常,簪娘,服饰,,,,,,,,,,,,,,
洛丽塔,"洛丽塔,百褶裙",洛丽塔,百褶裙,,,,,,,,,,,,,,,,,,,,,,,,,,,,
JK制服,"jk制服,百褶裙,学生党",jk制服,百褶裙,学生党,,,,,,,,,,,,,,,,,,,,,,,,,,,
女仆装,"丝袜美腿,高跟,黑丝,连裤袜,紧身裤,丝袜,黑色丝袜,短裙,美腿,美足,美臀,包臀裙,御姐,腿控,黑丝袜,腿模,私房写真,性感舞蹈,白丝,丰满,肥臀,长筒袜,妖艳,足控,皮裤",丝袜美腿,高跟,黑丝,连裤袜,紧身裤,丝袜,黑色丝袜,短裙,美腿,美足,美臀,包臀裙,御姐,腿控,黑丝袜,腿模,私房写真,性感舞蹈,白丝,丰满,肥臀,长筒袜,妖艳,足控,皮裤,,,,,
宅舞,"宅舞,徐珺大哥",宅舞,徐珺大哥,,,,,,,,,,,,,,,,,,,,,,,,,,,,
手办,"高达模型,手办,模玩,机动战士高达,手办模型,钢普拉,手办模玩,钢弹模型",高达模型,手办,模玩,机动战士高达,手办模型,钢普拉,手办模玩,钢弹模型,,,,,,,,,,,,,,,,,,,,,,
娃娃bjd,娃衣,娃衣,,,,,,,,,,,,,,,,,,,,,,,,,,,,,
动漫解说,"推荐动漫,热门动漫,动画推荐,动漫评论,动漫推荐,新番推荐,动漫解说,动漫情报,2020动漫,动漫吐槽,好看动漫,动漫推介,高分动漫,动漫剧场,热血动漫,动画影评,动漫杂谈,补番推荐,天天看动漫,补番,必看动漫,日常动漫,日常动漫推荐,漫漫声工坊,好评漫画,动漫热搜,动漫看点,动漫频道,好看的动漫",推荐动漫,热门动漫,动画推荐,动漫评论,动漫推荐,新番推荐,动漫解说,动漫情报,2020动漫,动漫吐槽,好看动漫,动漫推介,高分动漫,动漫剧场,热血动漫,动画影评,动漫杂谈,补番推荐,天天看动漫,补番,必看动漫,日常动漫,日常动漫推荐,漫漫声工坊,好评漫画,动漫热搜,动漫看点,动漫频道,好看的动漫,
特摄,"奥特曼,迪迦奥特曼,奥特曼军团,特摄,机动战士高达,超人力霸王,罗布奥特曼,动画影评,暗黑欧布",奥特曼,迪迦奥特曼,奥特曼军团,特摄,机动战士高达,超人力霸王,罗布奥特曼,动画影评,暗黑欧布,,,,,,,,,,,,,,,,,,,,,
声优,"男性声优,女性声优,钉宫理恵,细谷佳正,安元洋贵,木村良平,下野纮,平川大辅,豊永利行,中村悠一,神谷浩史,村瀬歩,白井悠介,江口拓也,鸟海浩辅,上田丽奈,前野智昭,小野大辅,中岛ヨシキ,柿原彻也,八代拓,森久保祥太郎,今井麻美,冈本信彦,石川界人,佐仓绫音,声优ラジオ,浪川大辅,山下大辉,雨宫天",男性声优,女性声优,钉宫理恵,细谷佳正,安元洋贵,木村良平,下野纮,平川大辅,豊永利行,中村悠一,神谷浩史,村瀬歩,白井悠介,江口拓也,鸟海浩辅,上田丽奈,前野智昭,小野大辅,中岛ヨシキ,柿原彻也,八代拓,森久保祥太郎,今井麻美,冈本信彦,石川界人,佐仓绫音,声优ラジオ,浪川大辅,山下大辉,雨宫天
同人,"2020动漫,动态漫画,同人音声",2020动漫,动态漫画,同人音声,,,,,,,,,,,,,,,,,,,,,,,,,,,
虚拟主播,"虚拟主播,杏仁ミル",虚拟主播,杏仁ミル,,,,,,,,,,,,,,,,,,,,,,,,,,,,
洛天依,洛天依,洛天依,,,,,,,,,,,,,,,,,,,,,,,,,,,,,
搞笑动画,"搞笑动画,伊拾七,猪屁登,土豆喵,鹅弟马鸭,兜兜兔,抖音伊拾七动画,伊拾七搞笑动画,抖音动画伊拾七,猪屁登动画",搞笑动画,伊拾七,猪屁登,土豆喵,鹅弟马鸭,兜兜兔,抖音伊拾七动画,伊拾七搞笑动画,抖音动画伊拾七,猪屁登动画,,,,,,,,,,,,,,,,,,,,
游戏集锦,"撩妹吃鸡,陪玩吃鸡,搞笑吃鸡,牧童撩妹,吃鸡技巧,吃鸡教学,吃鸡手游,和平精英挑战,g港,吃鸡挑战,牧童搞笑,和平精英教学,撩妹教学,牧童吃鸡,三级甲,落地成盒,牧童,三级头,枪战游戏,吃鸡策略,成盒小队",撩妹吃鸡,陪玩吃鸡,搞笑吃鸡,牧童撩妹,吃鸡技巧,吃鸡教学,吃鸡手游,和平精英挑战,g港,吃鸡挑战,牧童搞笑,和平精英教学,撩妹教学,牧童吃鸡,三级甲,落地成盒,牧童,三级头,枪战游戏,吃鸡策略,成盒小队,,,,,,,,,
游戏实况,"游戏主播,吃鸡手游,实况直播,实况攻略,我的世界mod,和平精英实验室,游戏实况",游戏主播,吃鸡手游,实况直播,实况攻略,我的世界mod,和平精英实验室,游戏实况,,,,,,,,,,,,,,,,,,,,,,,
游戏资讯,"游戏资讯,速通,独立游戏推荐",游戏资讯,速通,独立游戏推荐,,,,,,,,,,,,,,,,,,,,,,,,,,,
游戏解说,"技术主播,九天狐,阿舜,张大仙,大仙不闹,王者荣耀最强攻略,李信,有痕最强王者,骚白,中单法王无情,国服,梦泪",技术主播,九天狐,阿舜,张大仙,大仙不闹,王者荣耀最强攻略,李信,有痕最强王者,骚白,中单法王无情,国服,梦泪,,,,,,,,,,,,,,,,,,
主机游戏,"迷你世界教学,迷你世界生存,迷你世界动画,迷你世界搞笑,迷你世界更新,迷你世界创造,迷你世界动画片,迷你世界历险记,迷你世界搞笑故,迷你世界美美,迷你世界故事,迷你世界推进器,迷你世界搞笑故事,迷你世界游戏,我的世界解密,迷你世界飞机,小干迷你世界,小干解说",迷你世界教学,迷你世界生存,迷你世界动画,迷你世界搞笑,迷你世界更新,迷你世界创造,迷你世界动画片,迷你世界历险记,迷你世界搞笑故,迷你世界美美,迷你世界故事,迷你世界推进器,迷你世界搞笑故事,迷你世界游戏,我的世界解密,迷你世界飞机,小干迷你世界,小干解说,,,,,,,,,,,,
手游,"王者荣耀后羿,王者荣耀韩信,王者荣耀水一,王者荣耀孙悟空,王者荣耀貂蝉,王者荣耀吕布,和平精英教学,王者荣耀歌曲,王者荣耀公孙离,王者荣耀百里守约,王者荣耀关羽,王者荣耀动画,张大仙,王者荣耀最强攻略,李信,和平精英灵敏度,和平精英挑战,旬猫,王者荣耀木头,王者荣耀张大仙,王者荣耀花木兰,王者荣耀kpl,最强王者,生死狙击,吃鸡搞笑,王者荣耀新英雄,吃鸡技巧",王者荣耀后羿,王者荣耀韩信,王者荣耀水一,王者荣耀孙悟空,王者荣耀貂蝉,王者荣耀吕布,和平精英教学,王者荣耀歌曲,王者荣耀公孙离,王者荣耀百里守约,王者荣耀关羽,王者荣耀动画,张大仙,王者荣耀最强攻略,李信,和平精英灵敏度,和平精英挑战,旬猫,王者荣耀木头,王者荣耀张大仙,王者荣耀花木兰,王者荣耀kpl,最强王者,生死狙击,吃鸡搞笑,王者荣耀新英雄,吃鸡技巧,,,
桌游,"桌上游戏,三国杀,桌游推荐,桌游棋牌,狼人杀,桌游教学,凹呜狼人杀,跳棋,棋牌,卡牌游戏,五子棋,军棋,飞行棋,桌游,牌组",桌上游戏,三国杀,桌游推荐,桌游棋牌,狼人杀,桌游教学,凹呜狼人杀,跳棋,棋牌,卡牌游戏,五子棋,军棋,飞行棋,桌游,牌组,,,,,,,,,,,,,,,
电竞,"伍声dota,dota情书,教主解说,wcg魔兽争霸,百大经典,桥林解说,伍声2009,蛋塔秀,皇冠比赛,lpl夏季赛,wca魔兽争霸,起小点,贾克斯,云顶之弈,菁英教学,韦神,lpl春季赛,国服第一",伍声dota,dota情书,教主解说,wcg魔兽争霸,百大经典,桥林解说,伍声2009,蛋塔秀,皇冠比赛,lpl夏季赛,wca魔兽争霸,起小点,贾克斯,云顶之弈,菁英教学,韦神,lpl春季赛,国服第一,,,,,,,,,,,,
卡牌游戏,"炉石,牌组,炉石传说,云顶之弈,卡组,炉石自走棋,卡牌游戏,卡牌,炉石战记,联盟战棋,三国杀,宝可梦卡牌,战棋,口袋妖怪",炉石,牌组,炉石传说,云顶之弈,卡组,炉石自走棋,卡牌游戏,卡牌,炉石战记,联盟战棋,三国杀,宝可梦卡牌,战棋,口袋妖怪,,,,,,,,,,,,,,,,
游戏点评,"游戏点评,游戏解析,中国网游史,游戏测评,游戏大作,游戏侦查冰,游戏评价,游戏评测,聊game,薄海纸鱼,皮卡点评,皮卡评分,游戏揭秘",游戏点评,游戏解析,中国网游史,游戏测评,游戏大作,游戏侦查冰,游戏评价,游戏评测,聊game,薄海纸鱼,皮卡点评,皮卡评分,游戏揭秘,,,,,,,,,,,,,,,,,
中国风,"民族舞,古典舞,中国风,古风舞,古风舞蹈,中国舞,民间舞,玉面小嫣然",民族舞,古典舞,中国风,古风舞,古风舞蹈,中国舞,民间舞,玉面小嫣然,,,,,,,,,,,,,,,,,,,,,,
街舞,"爵士舞,儿童街舞,街舞,街舞教学,鬼舞步,鬼步舞",爵士舞,儿童街舞,街舞,街舞教学,鬼舞步,鬼步舞,,,,,,,,,,,,,,,,,,,,,,,,
广场舞,"广场舞教学,最新广场舞,健身舞,华美舞动,民间舞,广场舞,广场舞大妈,广场舞香港,广场舞视频,糖豆广场舞,双人舞,广场舞youtube",广场舞教学,最新广场舞,健身舞,华美舞动,民间舞,广场舞,广场舞大妈,广场舞香港,广场舞视频,糖豆广场舞,双人舞,广场舞youtube,,,,,,,,,,,,,,,,,,
古典舞,"古典舞,中国古典舞",古典舞,中国古典舞,,,,,,,,,,,,,,,,,,,,,,,,,,,,
民族舞,民族舞,民族舞,,,,,,,,,,,,,,,,,,,,,,,,,,,,,
现代舞,"现代舞,原创编舞,网红舞,编舞",现代舞,原创编舞,网红舞,编舞,,,,,,,,,,,,,,,,,,,,,,,,,,
芭蕾舞,,,,,,,,,,,,,,,,,,,,,,,,,,,,,,,
爵士舞,爵士舞,爵士舞,,,,,,,,,,,,,,,,,,,,,,,,,,,,,
拉丁舞,拉丁舞,拉丁舞,,,,,,,,,,,,,,,,,,,,,,,,,,,,,
鬼步舞,"鬼步舞,鬼步舞教学,曳步舞,鬼舞步,鬼步",鬼步舞,鬼步舞教学,曳步舞,鬼舞步,鬼步,,,,,,,,,,,,,,,,,,,,,,,,,
手势舞,手势舞,手势舞,,,,,,,,,,,,,,,,,,,,,,,,,,,,,
跳舞机,跳舞机,跳舞机,,,,,,,,,,,,,,,,,,,,,,,,,,,,,
MV,音乐mv,音乐mv,,,,,,,,,,,,,,,,,,,,,,,,,,,,,
OST,影视原声,影视原声,,,,,,,,,,,,,,,,,,,,,,,,,,,,,
翻唱,"目前为止最好听版本,九酷,唐古",目前为止最好听版本,九酷,唐古,,,,,,,,,,,,,,,,,,,,,,,,,,,
演唱会LIVE,世界巡回演唱会,世界巡回演唱会,,,,,,,,,,,,,,,,,,,,,,,,,,,,,
原创音乐,"原创音乐,唱作人,音乐制作,原创歌曲,原创曲",原创音乐,唱作人,音乐制作,原创歌曲,原创曲,,,,,,,,,,,,,,,,,,,,,,,,,
古典,"中国古典音乐,笛子音乐,好听的中国古典音乐,古琴音乐,古筝音乐,中国传统音乐,古典音乐,竹笛音乐,古筝轻音乐,古典乐器",中国古典音乐,笛子音乐,好听的中国古典音乐,古琴音乐,古筝音乐,中国传统音乐,古典音乐,竹笛音乐,古筝轻音乐,古典乐器,,,,,,,,,,,,,,,,,,,,
民乐,"笛子音乐,民族乐器,传统乐器,古筝轻音乐,竹笛音乐,民乐,中国音乐",笛子音乐,民族乐器,传统乐器,古筝轻音乐,竹笛音乐,民乐,中国音乐,,,,,,,,,,,,,,,,,,,,,,,
嘻哈,"说唱听我的,派克特,艾热,小鬼王琳凯,王琳凯,hiphop说唱,hiphop嘻哈,说唱听我的小鬼,mc光光,说唱听我的艾热,说唱听我的完整版,法老,中文说唱,刘柏辛,中国说唱,万妮达,杨和苏,说唱听我的王琳凯,功夫胖,那吾克热",说唱听我的,派克特,艾热,小鬼王琳凯,王琳凯,hiphop说唱,hiphop嘻哈,说唱听我的小鬼,mc光光,说唱听我的艾热,说唱听我的完整版,法老,中文说唱,刘柏辛,中国说唱,万妮达,杨和苏,说唱听我的王琳凯,功夫胖,那吾克热,,,,,,,,,,
摇滚,,,,,,,,,,,,,,,,,,,,,,,,,,,,,,,
电音,电音舞曲,电音舞曲,,,,,,,,,,,,,,,,,,,,,,,,,,,,,
古风音乐,"古典乐器,中国风音乐,中国风歌曲,中国风乐器,中国风器乐,古风音乐,中国古典音乐,古筝合奏,古筝音乐,古筝独奏,中国古典乐器,古筝合集,竹笛音乐,古琴音乐,好听的中国古典音乐",古典乐器,中国风音乐,中国风歌曲,中国风乐器,中国风器乐,古风音乐,中国古典音乐,古筝合奏,古筝音乐,古筝独奏,中国古典乐器,古筝合集,竹笛音乐,古琴音乐,好听的中国古典音乐,,,,,,,,,,,,,,,
蹦迪DJ,"慢摇串烧,慢摇舞曲,全中文dj舞曲,中文慢摇,中文慢摇2020,remix中文舞曲,慢摇2019,dj舞曲串烧,最新的dj歌曲,中文慢摇2019,慢摇串烧舞曲,慢摇2020,2019夜店舞曲,抖音混音女dj,新2019夜店混音,新2020夜店混音,慢摇,2020年最新dj歌曲,2020年最劲爆的dj歌曲,最火歌曲dj,2020夜店舞曲,中国最好的歌曲,2020全中文舞曲串烧,2019年最新dj歌曲",慢摇串烧,慢摇舞曲,全中文dj舞曲,中文慢摇,中文慢摇2020,remix中文舞曲,慢摇2019,dj舞曲串烧,最新的dj歌曲,中文慢摇2019,慢摇串烧舞曲,慢摇2020,2019夜店舞曲,抖音混音女dj,新2019夜店混音,新2020夜店混音,慢摇,2020年最新dj歌曲,2020年最劲爆的dj歌曲,最火歌曲dj,2020夜店舞曲,中国最好的歌曲,2020全中文舞曲串烧,2019年最新dj歌曲,,,,,,
音乐教学,"吉他音乐,歌唱技巧,学吉他,吉他老师,吉他入门,指弹吉他,吉他教学,自学钢琴,吉他指弹,学钢琴,和弦,民谣吉他,吉他技巧,乐理,乌克丽丽教学,吉他课程,唱歌技巧,初学吉他,歌唱教学,免费吉他教学,科学歌唱,学唱歌,鼓谱,弹奏,唱歌教学,简谱,声带闭合,吉他教程,学音乐,唱歌技巧教学",吉他音乐,歌唱技巧,学吉他,吉他老师,吉他入门,指弹吉他,吉他教学,自学钢琴,吉他指弹,学钢琴,和弦,民谣吉他,吉他技巧,乐理,乌克丽丽教学,吉他课程,唱歌技巧,初学吉他,歌唱教学,免费吉他教学,科学歌唱,学唱歌,鼓谱,弹奏,唱歌教学,简谱,声带闭合,吉他教程,学音乐,唱歌技巧教学
热门音乐,"g.e.m.邓紫棋,bingbian病变,差不多姑娘,阿冗,怎么了,失眠飞行,梦然,说好不哭,司南,你的答案,陈雪凝,爱要怎么说出口,40首中文流行音乐,动态歌词影片,最新歌曲,马敬恒,很久以后,那女孩对我说,2020流行歌曲,曲肖冰,动态歌词版,周兴哲,特选最佳抒情歌棉子,华语流行歌曲,与我无关,eric周兴哲,大陆歌",g.e.m.邓紫棋,bingbian病变,差不多姑娘,阿冗,怎么了,失眠飞行,梦然,说好不哭,司南,你的答案,陈雪凝,爱要怎么说出口,40首中文流行音乐,动态歌词影片,最新歌曲,马敬恒,很久以后,那女孩对我说,2020流行歌曲,曲肖冰,动态歌词版,周兴哲,特选最佳抒情歌棉子,华语流行歌曲,与我无关,eric周兴哲,大陆歌,,,
民谣,民谣吉他,民谣吉他,,,,,,,,,,,,,,,,,,,,,,,,,,,,,
纯音乐,"安静音乐,治疗音乐,冥想音乐,舒压按摩音乐,心灵轻音乐,音乐睡眠,睡眠轻音乐,舒压音乐,睡眠音乐,睡觉轻音乐,禅修音乐,放松音乐,纯钢琴轻音乐,舒眠音乐,疗癒音乐,轻快音乐",安静音乐,治疗音乐,冥想音乐,舒压按摩音乐,心灵轻音乐,音乐睡眠,睡眠轻音乐,舒压音乐,睡眠音乐,睡觉轻音乐,禅修音乐,放松音乐,纯钢琴轻音乐,舒眠音乐,疗癒音乐,轻快音乐,,,,,,,,,,,,,,
雷鬼,"雷鬼,脏辫,雷鬼头,台式雷鬼,leo王,熊仔,高尔宣,排湾,吴卓源",雷鬼,脏辫,雷鬼头,台式雷鬼,leo王,熊仔,高尔宣,排湾,吴卓源,,,,,,,,,,,,,,,,,,,,,
经典老歌,"经典老歌500首,经典老歌国语,90年代经典老歌尽在,经典歌曲排行榜,100年代经典老歌大全,90年代经典老歌,难忘经典老歌100首,国语90年代金曲,经典歌曲大全,台语经典老歌,经典老歌500首网,经典老歌,90年,经典中文歌曲,经典老歌500首大全,不朽的歌,90年代经典,老歌的回忆,精选台语歌,台语老歌,老歌精选,70-80年代国语歌曲",经典老歌500首,经典老歌国语,90年代经典老歌尽在,经典歌曲排行榜,100年代经典老歌大全,90年代经典老歌,难忘经典老歌100首,国语90年代金曲,经典歌曲大全,台语经典老歌,经典老歌500首网,经典老歌,90年,经典中文歌曲,经典老歌500首大全,不朽的歌,90年代经典,老歌的回忆,精选台语歌,台语老歌,老歌精选,70-80年代国语歌曲,,,,,,,,
台语歌,"台语排行榜,台语经典老歌,精选台语歌,夭寿好听的台语歌,20首精选台语歌,台语新歌,台语热门男女合唱,台语新歌排行榜,台语情歌对唱,台语老歌精选,台语歌,50首精选台语歌,台语最新单曲,台语歌精选,经典台语怀旧老歌,台语歌2020,台语老歌精选集,2020台语新歌",台语排行榜,台语经典老歌,精选台语歌,夭寿好听的台语歌,20首精选台语歌,台语新歌,台语热门男女合唱,台语新歌排行榜,台语情歌对唱,台语老歌精选,台语歌,50首精选台语歌,台语最新单曲,台语歌精选,经典台语怀旧老歌,台语歌2020,台语老歌精选集,2020台语新歌,,,,,,,,,,,,
情歌,"50首特选最佳抒情歌,一人一首成名曲,最hits,曲曲感人,甜蜜情歌,首特选最佳抒情歌,2020最火好听流行歌曲,排行榜歌曲",50首特选最佳抒情歌,一人一首成名曲,最hits,曲曲感人,甜蜜情歌,首特选最佳抒情歌,2020最火好听流行歌曲,排行榜歌曲,,,,,,,,,,,,,,,,,,,,,,
欧美音乐,"欧美流行音乐排行榜,西洋歌曲排行榜,kkbox西洋人气排行榜,地表最强英文歌曲,英文歌曲排行榜2020,英文歌曲排行榜2019,英文歌曲,流行英文歌",欧美流行音乐排行榜,西洋歌曲排行榜,kkbox西洋人气排行榜,地表最强英文歌曲,英文歌曲排行榜2020,英文歌曲排行榜2019,英文歌曲,流行英文歌,,,,,,,,,,,,,,,,,,,,,,
美妆,"美妆达人,化妆贴士,化妆技巧,美妆技巧,裸妆,日常妆,美妆教程,化妆教程,化妆视频,试色,美妆分享,美妆控,口红试色,学化妆,欧美妆,日常妆容,美妆博主,眼妆教程,眼线,彩妆教程,唇釉,大眼妆,眼妆教学,眼妆,唇妆,化妆教学,新手化妆,眼影,粉底液,睫毛膏",美妆达人,化妆贴士,化妆技巧,美妆技巧,裸妆,日常妆,美妆教程,化妆教程,化妆视频,试色,美妆分享,美妆控,口红试色,学化妆,欧美妆,日常妆容,美妆博主,眼妆教程,眼线,彩妆教程,唇釉,大眼妆,眼妆教学,眼妆,唇妆,化妆教学,新手化妆,眼影,粉底液,睫毛膏
护肤,"护肤品,护肤",护肤品,护肤,,,,,,,,,,,,,,,,,,,,,,,,,,,,
穿搭,"时尚穿搭,穿搭分享,服装搭配,服饰搭配,夏季穿搭,穿搭技巧,春季穿搭,小个子,穿衣,穿搭推荐,冬季穿搭,服饰,显瘦穿搭,秋冬穿搭,优衣库,平价穿搭,搭配,秋季穿搭,穿搭教学,日常穿搭,微胖,微胖穿搭,小个子穿搭,春夏穿搭,上衣,连衣裙,淘宝分享,时尚达人",时尚穿搭,穿搭分享,服装搭配,服饰搭配,夏季穿搭,穿搭技巧,春季穿搭,小个子,穿衣,穿搭推荐,冬季穿搭,服饰,显瘦穿搭,秋冬穿搭,优衣库,平价穿搭,搭配,秋季穿搭,穿搭教学,日常穿搭,微胖,微胖穿搭,小个子穿搭,春夏穿搭,上衣,连衣裙,淘宝分享,时尚达人,,
美发,"新娘发型,韩系发型,发型教程,辫子,卷发,编发,美发,捲发,中长发,结婚式ヘア,烫发,浏海,马尾,卷发教程,祭りヘアセット,男生发型,离子夹,发神吴依霖,台北染发,直发夹,短发发型,发型,发型设计,发型师,男士发型,发型教学,发型设计师",新娘发型,韩系发型,发型教程,辫子,卷发,编发,美发,捲发,中长发,结婚式ヘア,烫发,浏海,马尾,卷发教程,祭りヘアセット,男生发型,离子夹,发神吴依霖,台北染发,直发夹,短发发型,发型,发型设计,发型师,男士发型,发型教学,发型设计师,,,
医美,"脂肪吸引,隆鼻,微整,拉皮,整形手术,东京中央美容外科,隆乳,40代美容,眼袋,全切开,皮秒,美容整形,拉提,法令纹,美容クリニック,美容外科医,美容外科,豊胸,美容皮肤科,脂漏性皮肤炎,眼睑下垂,微整形,肌肤保养,电波拉皮,二重埋没,肉毒杆菌,二重整形",脂肪吸引,隆鼻,微整,拉皮,整形手术,东京中央美容外科,隆乳,40代美容,眼袋,全切开,皮秒,美容整形,拉提,法令纹,美容クリニック,美容外科医,美容外科,豊胸,美容皮肤科,脂漏性皮肤炎,眼睑下垂,微整形,肌肤保养,电波拉皮,二重埋没,肉毒杆菌,二重整形,,,
潮牌,"潮牌,潮流品牌",潮牌,潮流品牌,,,,,,,,,,,,,,,,,,,,,,,,,,,,
球鞋开箱,"球鞋评测,球鞋开箱,球鞋测评,球鞋,球鞋推荐,运动鞋,球鞋介绍,义宁,义宁tv,波鞋,波鞋介绍,球鞋收藏,限量球鞋,球鞋文化,潮流品牌,男生穿搭,球鞋市场,潮流穿搭,耐克,球鞋资讯,街头潮流,潮牌穿搭,篮球鞋,夏季穿搭,球鞋对比,街头文化,穿搭分享,时尚穿搭,阿迪达斯,球鞋穿搭",球鞋评测,球鞋开箱,球鞋测评,球鞋,球鞋推荐,运动鞋,球鞋介绍,义宁,义宁tv,波鞋,波鞋介绍,球鞋收藏,限量球鞋,球鞋文化,潮流品牌,男生穿搭,球鞋市场,潮流穿搭,耐克,球鞋资讯,街头潮流,潮牌穿搭,篮球鞋,夏季穿搭,球鞋对比,街头文化,穿搭分享,时尚穿搭,阿迪达斯,球鞋穿搭
饰品,"帝王绿,天然翡翠,冰种,玻璃种,首饰,吊坠,翡翠手镯,手镯,翡翠戒面,赌石,玉镯,玉石,翡翠直播,翡翠原石,缅甸翡翠,高冰种,蓝宝石,高货翡翠,戒面,墨翠,翡翠价格,翡翠赌石,翡翠戒指,奢饰品,挂件,翡翠玉石,缅甸玉,和田玉,碧玺,翡翠市场",帝王绿,天然翡翠,冰种,玻璃种,首饰,吊坠,翡翠手镯,手镯,翡翠戒面,赌石,玉镯,玉石,翡翠直播,翡翠原石,缅甸翡翠,高冰种,蓝宝石,高货翡翠,戒面,墨翠,翡翠价格,翡翠赌石,翡翠戒指,奢饰品,挂件,翡翠玉石,缅甸玉,和田玉,碧玺,翡翠市场
T台秀,"时装周,模特走秀,时尚走秀,时尚达人,走秀,超模,时尚模特美女,时尚穿搭,车模,t台,欧美风,服饰搭配",时装周,模特走秀,时尚走秀,时尚达人,走秀,超模,时尚模特美女,时尚穿搭,车模,t台,欧美风,服饰搭配,,,,,,,,,,,,,,,,,,
腕表,"浪琴,腕表,机械表,百年灵,绿水鬼,摩凡陀,沛纳海,豪利时,欧米茄,机芯,真力时,劳力士,泰格豪雅,万国,石英表,卡地亚,宇舶,手表开箱,潜水表,黑水鬼,康斯登,积家,朗格,天梭,手表,瑞士表,振频,球鞋评测,帝舵,手表维修",浪琴,腕表,机械表,百年灵,绿水鬼,摩凡陀,沛纳海,豪利时,欧米茄,机芯,真力时,劳力士,泰格豪雅,万国,石英表,卡地亚,宇舶,手表开箱,潜水表,黑水鬼,康斯登,积家,朗格,天梭,手表,瑞士表,振频,球鞋评测,帝舵,手表维修
国潮,"李宁,时尚穿搭,穿衣,潮流穿搭,街头文化,潮牌穿搭",李宁,时尚穿搭,穿衣,潮流穿搭,街头文化,潮牌穿搭,,,,,,,,,,,,,,,,,,,,,,,,
街拍,"时尚街拍,穿衣,街头摄影,时尚穿搭,拍客,潮流街拍,穿衣风格,东京街拍,街拍,时尚达人",时尚街拍,穿衣,街头摄影,时尚穿搭,拍客,潮流街拍,穿衣风格,东京街拍,街拍,时尚达人,,,,,,,,,,,,,,,,,,,,
美甲,"指彩,美甲教学,美甲diy,美甲教程,光疗,指甲彩绘,美甲,转印钢板,甲油胶,指甲油,指甲,凝胶指甲,指甲彩绘diy,转印板,指甲彩绘教学,光撩,指甲彩绘工具,凝胶,水晶指甲,印花美甲",指彩,美甲教学,美甲diy,美甲教程,光疗,指甲彩绘,美甲,转印钢板,甲油胶,指甲油,指甲,凝胶指甲,指甲彩绘diy,转印板,指甲彩绘教学,光撩,指甲彩绘工具,凝胶,水晶指甲,印花美甲,,,,,,,,,,
玉石,"缅甸翡翠,翡翠手镯,翡翠直播,翡翠原石,翡翠代购,翡翠挂件,翡翠戒指,奢饰品,翡翠戒面,赌石,玻璃种,翡翠赌石,翡翠知识,天然翡翠,墨翠,帝王绿,翡翠观音,翡翠功效,冰种翡翠,缅甸翡翠直播,翡翠直播中,冰种,翡翠饰品,玉石,翡翠价格,翡翠吊坠,翡翠摆件,玉镯,戒面,玉手镯",缅甸翡翠,翡翠手镯,翡翠直播,翡翠原石,翡翠代购,翡翠挂件,翡翠戒指,奢饰品,翡翠戒面,赌石,玻璃种,翡翠赌石,翡翠知识,天然翡翠,墨翠,帝王绿,翡翠观音,翡翠功效,冰种翡翠,缅甸翡翠直播,翡翠直播中,冰种,翡翠饰品,玉石,翡翠价格,翡翠吊坠,翡翠摆件,玉镯,戒面,玉手镯
宝石,"帝王绿,翡翠手镯,天然翡翠,玻璃种,赌石,翡翠直播,缅甸翡翠,奢饰品,冰种,墨翠,翡翠原石,翡翠赌石,翡翠戒面,翡翠戒指,蓝宝石,玉镯,翡翠挂件,戒面,玉石,高冰种,缅甸翡翠直播,翡翠功效,翡翠价格,翡翠代购,尖晶石,翡翠知识,高货翡翠,冰种翡翠,翡翠市场,手镯",帝王绿,翡翠手镯,天然翡翠,玻璃种,赌石,翡翠直播,缅甸翡翠,奢饰品,冰种,墨翠,翡翠原石,翡翠赌石,翡翠戒面,翡翠戒指,蓝宝石,玉镯,翡翠挂件,戒面,玉石,高冰种,缅甸翡翠直播,翡翠功效,翡翠价格,翡翠代购,尖晶石,翡翠知识,高货翡翠,冰种翡翠,翡翠市场,手镯
美食测评,"美食侦探,深夜报社,品尝,美食视频,中国吃播,火鸡面,美食圈,天生吃货,特色菜,原创美食,地方美食,料理制作,名吃,美食制作,下饭菜,面食,五花肉,串串,美食测评,美食探店,花样美食挑战",美食侦探,深夜报社,品尝,美食视频,中国吃播,火鸡面,美食圈,天生吃货,特色菜,原创美食,地方美食,料理制作,名吃,美食制作,下饭菜,面食,五花肉,串串,美食测评,美食探店,花样美食挑战,,,,,,,,,
美食教程,"原创美食,家常菜谱,学做菜,家乡菜,小炒,传统料理,中国烹饪,住家菜,舌尖上的美食,食谱教学,煮法,老饭骨,鲁菜,大师的菜,美食制作,菜谱,广东菜,下饭菜,学做饭,国宴主厨,家常菜的做法,家常菜食谱,家常做法,正宗做法,特色菜,面食,中国味道,烹饪教学,国宴大师",原创美食,家常菜谱,学做菜,家乡菜,小炒,传统料理,中国烹饪,住家菜,舌尖上的美食,食谱教学,煮法,老饭骨,鲁菜,大师的菜,美食制作,菜谱,广东菜,下饭菜,学做饭,国宴主厨,家常菜的做法,家常菜食谱,家常做法,正宗做法,特色菜,面食,中国味道,烹饪教学,国宴大师,
美食纪录片,"美食纪录片,家常菜谱,原创美食,大师的菜,鲁菜,中国烹饪,乡间美食,饮食文化,老饭骨,家乡菜,云南美食,美食天下,地方美食,中国味道,舌尖上的美食,中国小吃,地道风味,国宴主厨,美食中国,国宴大师,中华美食,经典味道,美食文化,湘菜",美食纪录片,家常菜谱,原创美食,大师的菜,鲁菜,中国烹饪,乡间美食,饮食文化,老饭骨,家乡菜,云南美食,美食天下,地方美食,中国味道,舌尖上的美食,中国小吃,地道风味,国宴主厨,美食中国,国宴大师,中华美食,经典味道,美食文化,湘菜,,,,,,
创意料理,"传统料理,中国料理,家常料理,中式料理,料理教学",传统料理,中国料理,家常料理,中式料理,料理教学,,,,,,,,,,,,,,,,,,,,,,,,,
美食猎奇,"美食侦探,花样美食挑战,美食猎奇",美食侦探,花样美食挑战,美食猎奇,,,,,,,,,,,,,,,,,,,,,,,,,,,
饮品,,,,,,,,,,,,,,,,,,,,,,,,,,,,,,,
吃播,"抖音大胃王,韩国大胃王,大胃,大胃王挑战,余多多,日本大胃王,大陆大胃王,大胃美女,美女大胃王,台湾大胃王,大胃王比赛,中国大胃王,大胃王密子君,余多多大胃王,蜜子君,韩国吃播,朵壹,蜜子,吃播大胃王,大胃挑战,木下,美味しい物,密子君台湾,密子君mires,密子君,大胃王余多多,大胃王朵一,朵一,中国吃播,木下佑香",抖音大胃王,韩国大胃王,大胃,大胃王挑战,余多多,日本大胃王,大陆大胃王,大胃美女,美女大胃王,台湾大胃王,大胃王比赛,中国大胃王,大胃王密子君,余多多大胃王,蜜子君,韩国吃播,朵壹,蜜子,吃播大胃王,大胃挑战,木下,美味しい物,密子君台湾,密子君mires,密子君,大胃王余多多,大胃王朵一,朵一,中国吃播,木下佑香
探店,"美食侦探,美食探店,盗月社,地方美食,品尝,食遇记,深夜报社,特色菜,肥肠,福建小吃,街边小吃,名吃,原创美食,家乡菜,面食,陕西美食,中国小吃",美食侦探,美食探店,盗月社,地方美食,品尝,食遇记,深夜报社,特色菜,肥肠,福建小吃,街边小吃,名吃,原创美食,家乡菜,面食,陕西美食,中国小吃,,,,,,,,,,,,,
野食,"户外美食,室外美食,野炊,野食,山间美食",户外美食,室外美食,野炊,野食,山间美食,,,,,,,,,,,,,,,,,,,,,,,,,
烘焙,"蛋糕做法,蛋糕食谱,烘焙教程,烘烤,蛋糕制作过程,海绵蛋糕,蛋糕卷,烘焙教学,甜点教学,简易甜点,糕点,烘焙",蛋糕做法,蛋糕食谱,烘焙教程,烘烤,蛋糕制作过程,海绵蛋糕,蛋糕卷,烘焙教学,甜点教学,简易甜点,糕点,烘焙,,,,,,,,,,,,,,,,,,
零食,"烤翅,火鸡面,自热小火锅,串串,吃东西,猪蹄",烤翅,火鸡面,自热小火锅,串串,吃东西,猪蹄,,,,,,,,,,,,,,,,,,,,,,,,
厨具,"空气炸锅,气炸锅推荐,气炸烤箱,气炸锅,气炸,焗炉,飞利浦气炸锅",空气炸锅,气炸锅推荐,气炸烤箱,气炸锅,气炸,焗炉,飞利浦气炸锅,,,,,,,,,,,,,,,,,,,,,,,
小吃,"陕西美食,街边小吃,早点,中国小吃,美食天下,福建小吃",陕西美食,街边小吃,早点,中国小吃,美食天下,福建小吃,,,,,,,,,,,,,,,,,,,,,,,,
米其林,米其林,米其林,,,,,,,,,,,,,,,,,,,,,,,,,,,,,
咖啡,"咖啡拉花,咖啡知识,拉花教学,拿铁拉花,手冲壶,咖啡教学,拉花,咖啡萃取,精品咖啡,奶泡机,咖啡拉花教学,奶泡教学,拉花叶子,拉花技巧,咖啡奶泡,手磨咖啡,速溶咖啡,咖啡烘焙,半自动咖啡机,牛小咖,打奶,拉花咖啡教学,咖啡测评,打奶泡,奶泡,手冲教学,摩卡壶,滤杯,如何打奶泡,咖啡机",咖啡拉花,咖啡知识,拉花教学,拿铁拉花,手冲壶,咖啡教学,拉花,咖啡萃取,精品咖啡,奶泡机,咖啡拉花教学,奶泡教学,拉花叶子,拉花技巧,咖啡奶泡,手磨咖啡,速溶咖啡,咖啡烘焙,半自动咖啡机,牛小咖,打奶,拉花咖啡教学,咖啡测评,打奶泡,奶泡,手冲教学,摩卡壶,滤杯,如何打奶泡,咖啡机
美酒,"美酒,红葡萄酒,品酒,气泡酒,白葡萄酒,调酒教学,水果酒,威士忌,鸡尾酒,伏特加,调酒,调酒师,葡萄酒",美酒,红葡萄酒,品酒,气泡酒,白葡萄酒,调酒教学,水果酒,威士忌,鸡尾酒,伏特加,调酒,调酒师,葡萄酒,,,,,,,,,,,,,,,,,
茶艺,"茶艺,茶文化,普洱茶,中国茶,乌龙茶,学茶,茶史人物,茶知识,紫砂壶,茶壶,黄茶,茶具,茶叶历史,冲茶,高山茶,茶艺表演,茶艺培训,品茶技巧,老茶,历史名人,铁观音,台湾茶,青茶,熟茶,茶道大师,烘烤,品茶,阿里山茶,茶叶,茶话",茶艺,茶文化,普洱茶,中国茶,乌龙茶,学茶,茶史人物,茶知识,紫砂壶,茶壶,黄茶,茶具,茶叶历史,冲茶,高山茶,茶艺表演,茶艺培训,品茶技巧,老茶,历史名人,铁观音,台湾茶,青茶,熟茶,茶道大师,烘烤,品茶,阿里山茶,茶叶,茶话
乡村美食,"乡间美食,农村小伙,农人,乡村美食,农村美食,户外美食,白果炖猪小肠,滇西小哥,农家菜,农村生活,乡村",乡间美食,农村小伙,农人,乡村美食,农村美食,户外美食,白果炖猪小肠,滇西小哥,农家菜,农村生活,乡村,,,,,,,,,,,,,,,,,,,
健康饮食,"健康饮食,郑凯云,营养百科,食疗,健康食谱,养生保健,健康食物,生酮,健康养生站,低脂",健康饮食,郑凯云,营养百科,食疗,健康食谱,养生保健,健康食物,生酮,健康养生站,低脂,,,,,,,,,,,,,,,,,,,,
日本料理,"男の料理,板前,和食レシピ,関斉寛,节约料理,料理系youtuber,旦那弁当,日本料理,居酒屋メニュー,中华そば,料理の基本,昼ごはん,美味しい物,和食,晩ご饭,时短レシピ,锅物,卵焼き,料理チャンネル,出汁,下ごしらえ",男の料理,板前,和食レシピ,関斉寛,节约料理,料理系youtuber,旦那弁当,日本料理,居酒屋メニュー,中华そば,料理の基本,昼ごはん,美味しい物,和食,晩ご饭,时短レシピ,锅物,卵焼き,料理チャンネル,出汁,下ごしらえ,,,,,,,,,
港式料理,广东菜,广东菜,,,,,,,,,,,,,,,,,,,,,,,,,,,,,
川菜,"大师的菜,中国味道,正宗做法,四川菜,经典味道,教做菜,学做菜,厨师长教做菜,成都小吃,美食天下,天天饮食,舌尖上的美食,川味,四川美食",大师的菜,中国味道,正宗做法,四川菜,经典味道,教做菜,学做菜,厨师长教做菜,成都小吃,美食天下,天天饮食,舌尖上的美食,川味,四川美食,,,,,,,,,,,,,,,,
甜品,"蛋糕做法,蛋糕食谱,蛋糕卷,海绵蛋糕,甜点教学,蛋糕制作过程,简易甜点,糕点,甜点,轻乳酪蛋糕",蛋糕做法,蛋糕食谱,蛋糕卷,海绵蛋糕,甜点教学,蛋糕制作过程,简易甜点,糕点,甜点,轻乳酪蛋糕,,,,,,,,,,,,,,,,,,,,
生活技巧,"轻松生活黑客,简单的生活黑客,有用的东西,生活技巧,生活小窍门,招数,生活窍门,生活妙招,小窍门,家居妙招,家居技巧,生活知识,生活小技巧,窍门,生活小妙招,生活小撇步,妙招姐,自己动手,妙招小哥,生活小秘诀,小妙招,妙招,生活技能,好生活,变废为宝",轻松生活黑客,简单的生活黑客,有用的东西,生活技巧,生活小窍门,招数,生活窍门,生活妙招,小窍门,家居妙招,家居技巧,生活知识,生活小技巧,窍门,生活小妙招,生活小撇步,妙招姐,自己动手,妙招小哥,生活小秘诀,小妙招,妙招,生活技能,好生活,变废为宝,,,,,
手工,"无硼砂,做泥,趣味手工,手工教程,创意手工,diy手工,起泡胶,玩泥,混泥,起泡胶教程,解压手工,史莱姆教程,史莱姆实验室,简单的生活黑客,水晶泥,史莱姆教学,编绳,混泥大作战,折纸教学,手工编织,手工diy,超轻黏土,5分钟diy,史莱姆手作,起泡胶pk,史莱姆测评,手工制作",无硼砂,做泥,趣味手工,手工教程,创意手工,diy手工,起泡胶,玩泥,混泥,起泡胶教程,解压手工,史莱姆教程,史莱姆实验室,简单的生活黑客,水晶泥,史莱姆教学,编绳,混泥大作战,折纸教学,手工编织,手工diy,超轻黏土,5分钟diy,史莱姆手作,起泡胶pk,史莱姆测评,手工制作,,,
生活vlog,"乡间,农村纪录,生活纪录,黄土田园,农村vlog,生活vlog,乡间生活,乡下生活,田园风光,田园生活",乡间,农村纪录,生活纪录,黄土田园,农村vlog,生活vlog,乡间生活,乡下生活,田园风光,田园生活,,,,,,,,,,,,,,,,,,,,
园艺,"绿植,养花,盆景制作,养花技术,家庭养花,多肉,花肥,多肉植物,月季,繁殖技术,园艺,如何养好盆栽,花卉,盆景,长寿花,朱顶红,盆栽,铁线莲,养花技巧,多肉植物栽培方法,种植技术,多肉植物繁殖,种花,多肉配土,种植,多肉盆栽,育苗,巴西木,多肉换盆,真柏",绿植,养花,盆景制作,养花技术,家庭养花,多肉,花肥,多肉植物,月季,繁殖技术,园艺,如何养好盆栽,花卉,盆景,长寿花,朱顶红,盆栽,铁线莲,养花技巧,多肉植物栽培方法,种植技术,多肉植物繁殖,种花,多肉配土,种植,多肉盆栽,育苗,巴西木,多肉换盆,真柏
三农,"农人,种地,农村视频,乡村,新农人,田园风光,务农,风土人情,三农,绿水,农民,农村,耕耘,乡瑶可人,中国乡村,乡间生活,农人家,劳动者,农村纪录,农村小伙,农村人,农村生活,乡村生活,栽种,乡间",农人,种地,农村视频,乡村,新农人,田园风光,务农,风土人情,三农,绿水,农民,农村,耕耘,乡瑶可人,中国乡村,乡间生活,农人家,劳动者,农村纪录,农村小伙,农村人,农村生活,乡村生活,栽种,乡间,,,,,
家居,"家居设计,居屋,家居,幸福空间,室内设计师,系统柜,家居蓝图,家俬,家饰,天花板",家居设计,居屋,家居,幸福空间,室内设计师,系统柜,家居蓝图,家俬,家饰,天花板,,,,,,,,,,,,,,,,,,,,
婚礼,"婚录,婚礼录影,成长mv,爱情mv,婚摄,婚礼摄影,婚纱mv,婚礼mv,婚礼纪录,平面摄影,台北婚摄,迎娶,婚礼记录,动态录影,文定,快剪快播,台中婚摄,户外婚礼,婚礼布置,户外证婚,台中婚纱,婚纱推荐,桃园婚摄,美式婚礼,推荐婚摄,婚礼顾问,婚纱侧录,订婚,活动摄影,桃园婚录",婚录,婚礼录影,成长mv,爱情mv,婚摄,婚礼摄影,婚纱mv,婚礼mv,婚礼纪录,平面摄影,台北婚摄,迎娶,婚礼记录,动态录影,文定,快剪快播,台中婚摄,户外婚礼,婚礼布置,户外证婚,台中婚纱,婚纱推荐,桃园婚摄,美式婚礼,推荐婚摄,婚礼顾问,婚纱侧录,订婚,活动摄影,桃园婚录
装修,"家居装修,装修设计,装修报价,装修佬,装修公司,室内设计师,家居设计,装修工程,室内装修,居屋装修,装潢影音,幸福空间,居屋,装潢设计,全屋装修,设计装修,系统柜,公屋装修,住宅设计,室内装潢,装修师傅,设计家,全屋翻新,小坪数,新手装修,水电行,家居蓝图,优质装修,居家修缮,水电师傅",家居装修,装修设计,装修报价,装修佬,装修公司,室内设计师,家居设计,装修工程,室内装修,居屋装修,装潢影音,幸福空间,居屋,装潢设计,全屋装修,设计装修,系统柜,公屋装修,住宅设计,室内装潢,装修师傅,设计家,全屋翻新,小坪数,新手装修,水电行,家居蓝图,优质装修,居家修缮,水电师傅
豪宅,"美国豪宅,珠海豪宅,中山豪宅",美国豪宅,珠海豪宅,中山豪宅,,,,,,,,,,,,,,,,,,,,,,,,,,,
野外生存,"荒野生存,户外生存,野外生存,挑战丛林生存100天,荒野求生,麻雀喳喳野行记,求生东南亚丛林,麻雀渣渣,原始人生存,野外求生盖房子,麻雀渣渣,原始人生存,野外求生盖房子,贝爷,野外生活,德爷,求生刀,东南亚丛林生存100天,麻雀喳喳,野外求生,贝尔·格里尔斯,单挑荒野",荒野生存,户外生存,野外生存,挑战丛林生存100天,荒野求生,麻雀喳喳野行记,求生东南亚丛林,麻雀渣渣,原始人生存,野外求生盖房子,麻雀渣渣,原始人生存,野外求生盖房子,贝爷,野外生活,德爷,求生刀,东南亚丛林生存100天,麻雀喳喳,野外求生,贝尔·格里尔斯,单挑荒野,,,,,,,,
手帐,"手帐拼贴,手帐排版,手帐分享,子弹笔记,手帐设计,ほぼ日手帐,手帐教学,手帐本,手帐,手账,拼贴,子弹手帐,拼贴手帐,手帐技巧,システム手帐,手帐好朋友,手帐术,旅人手帐,手帐の中身,手帐排版分享",手帐拼贴,手帐排版,手帐分享,子弹笔记,手帐设计,ほぼ日手帐,手帐教学,手帐本,手帐,手账,拼贴,子弹手帐,拼贴手帐,手帐技巧,システム手帐,手帐好朋友,手帐术,旅人手帐,手帐の中身,手帐排版分享,,,,,,,,,,
赶海,"猫眼螺,海产品,兄弟赶海,赶海,渔网,抽水坑,渔戈兄弟,小章赶海,抓鱼,水坑,海货,抓螃蟹,海边小斗,赶海视频,渔民,渔人,捕鱼,海潮,赶海抓螃蟹,祥仔赶海,青蟹,海葵,退潮,捞鱼,撒网,渔戈小明,渔人阿烽,网鱼,赶海水坑,捉鱼",猫眼螺,海产品,兄弟赶海,赶海,渔网,抽水坑,渔戈兄弟,小章赶海,抓鱼,水坑,海货,抓螃蟹,海边小斗,赶海视频,渔民,渔人,捕鱼,海潮,赶海抓螃蟹,祥仔赶海,青蟹,海葵,退潮,捞鱼,撒网,渔戈小明,渔人阿烽,网鱼,赶海水坑,捉鱼
农家生活,"田园风光,家乡菜,农人,乡间,农村小伙,务农,田园生活,新农人,农村纪录,中国乡村,农村生活,乡村生活,风土人情,乡间生活,乡村,农村美食,农民生活,农村人,三农,乡村故事,农活,绿水,农民,乡野,搞野,中国农村,种地,农村,乡间美食,原生态",田园风光,家乡菜,农人,乡间,农村小伙,务农,田园生活,新农人,农村纪录,中国乡村,农村生活,乡村生活,风土人情,乡间生活,乡村,农村美食,农民生活,农村人,三农,乡村故事,农活,绿水,农民,乡野,搞野,中国农村,种地,农村,乡间美食,原生态
摄影,"摄影入门,摄影教学,摄影技巧,单反,微单,构图,摄影知识,人像摄影,光圈,摄像,摄影讲座,摄影器材,学摄影,摄影教程,尼康,ps教程,手机拍照,快门,相机评测,手机摄影,佳能,摄影后期,拍照技巧,原来这么拍,后期教程,相机,相机推荐,街头摄影,胶片,抠图",摄影入门,摄影教学,摄影技巧,单反,微单,构图,摄影知识,人像摄影,光圈,摄像,摄影讲座,摄影器材,学摄影,摄影教程,尼康,ps教程,手机拍照,快门,相机评测,手机摄影,佳能,摄影后期,拍照技巧,原来这么拍,后期教程,相机,相机推荐,街头摄影,胶片,抠图
购物,"美妆控,购物分享,穿搭分享,海淘,美妆分享,时尚穿搭,美妆达人,拔草,穿搭推荐,黑五,淘宝购物分享,丝芙兰,试色,夏季穿搭,爱用物,淘宝分享,购物清单,购物乐,穿搭教学,打折,春季穿搭,穿搭技巧,裸妆,学生党,秋冬穿搭,美妆推荐,雷品,平价穿搭,时尚达人,护肤品",美妆控,购物分享,穿搭分享,海淘,美妆分享,时尚穿搭,美妆达人,拔草,穿搭推荐,黑五,淘宝购物分享,丝芙兰,试色,夏季穿搭,爱用物,淘宝分享,购物清单,购物乐,穿搭教学,打折,春季穿搭,穿搭技巧,裸妆,学生党,秋冬穿搭,美妆推荐,雷品,平价穿搭,时尚达人,护肤品
纹身,纹身,纹身,,,,,,,,,,,,,,,,,,,,,,,,,,,,,
脏辫,"脏辫,黑人文化,雷鬼头,脏辫培训,穿刺培训,辫子",脏辫,黑人文化,雷鬼头,脏辫培训,穿刺培训,辫子,,,,,,,,,,,,,,,,,,,,,,,,
钓鱼,"野钓,垂钓,岸钓,钓鱼技巧,鱼饵,溪钓,钓点,海钓,黑鲷,雷强,矶钓,前打,钓鱼教学,艇钓,饵料,拟饵,浮标,假饵,船钓,黑格,岸抛,钓游,路亚,渔网,滩钓,海钓场,黑吉,香港钓鱼,活虾",野钓,垂钓,岸钓,钓鱼技巧,鱼饵,溪钓,钓点,海钓,黑鲷,雷强,矶钓,前打,钓鱼教学,艇钓,饵料,拟饵,浮标,假饵,船钓,黑格,岸抛,钓游,路亚,渔网,滩钓,海钓场,黑吉,香港钓鱼,活虾,
海外生活,"海外在住,海外生活,海外就职,海外暮らし,海外移住,タイ在住,海外vlog,国际カップル,国际夫妇,国际恋爱,カナダ移住,ドイツ移住,海外で働く",海外在住,海外生活,海外就职,海外暮らし,海外移住,タイ在住,海外vlog,国际カップル,国际夫妇,国际恋爱,カナダ移住,ドイツ移住,海外で働く,,,,,,,,,,,,,,,,,
基建,"横琴,深中通道,港珠澳大桥",横琴,深中通道,港珠澳大桥,,,,,,,,,,,,,,,,,,,,,,,,,,,
娃娃机教学,"夹娃娃教学,甩爪,夹娃娃挑战,夹公仔教学,保夹,夹娃娃技巧,娃娃机,金证,出货,打台,卡洞,倒爪,超爱夹,选物贩卖机,夹娃娃,顿甩",夹娃娃教学,甩爪,夹娃娃挑战,夹公仔教学,保夹,夹娃娃技巧,娃娃机,金证,出货,打台,卡洞,倒爪,超爱夹,选物贩卖机,夹娃娃,顿甩,,,,,,,,,,,,,,
特效,"特效,剪辑教学,视频编辑,后期教程,后制,pr教程,技术宅,视频特效,蒙版",特效,剪辑教学,视频编辑,后期教程,后制,pr教程,技术宅,视频特效,蒙版,,,,,,,,,,,,,,,,,,,,,
平衡术,平衡,平衡,,,,,,,,,,,,,,,,,,,,,,,,,,,,,
多米诺骨牌,骨牌,骨牌,,,,,,,,,,,,,,,,,,,,,,,,,,,,,
魔方,"魔方,魔术方块第三层,魔术方块,魔方还原教程,魔术方块教学,速解,魔术方块公式,初学者第一层,魔术方块第一层,魔术方块影片,魔术方块2,右上左下,魔术方块3,3x3魔术方块,初学者第三层,右下左上,破解魔术方块,轻松学会,3魔术方块教学,左上右下,如何破解魔术方块,下右上左,左下右上,建筑教学,方块,浪play,魔方教程,3x3阶,我的世界生存,快速破解魔术方块",魔方,魔术方块第三层,魔术方块,魔方还原教程,魔术方块教学,速解,魔术方块公式,初学者第一层,魔术方块第一层,魔术方块影片,魔术方块2,右上左下,魔术方块3,3x3魔术方块,初学者第三层,右下左上,破解魔术方块,轻松学会,3魔术方块教学,左上右下,如何破解魔术方块,下右上左,左下右上,建筑教学,方块,浪play,魔方教程,3x3阶,我的世界生存,快速破解魔术方块
转笔,,,,,,,,,,,,,,,,,,,,,,,,,,,,,,,
发明,"発明家,发明迷,発明,発明者,专利",発明家,发明迷,発明,発明者,专利,,,,,,,,,,,,,,,,,,,,,,,,,
手艺,"手艺,手艺",手艺,手艺,,,,,,,,,,,,,,,,,,,,,,,,,,,,
绘画,"绘画教程,水彩教程,板绘,水彩风景,儿童画,画画教学,木颜色,绘画过程,绘画教学,速画,水彩画,油画棒,学画画,电脑绘画,水彩技法,简笔画,水彩过程,电脑绘图,临摹,如何画,学水彩,头像手绘,ps绘画,速写,丙烯,手绘,绘画,水彩教学,风景画,卡通画",绘画教程,水彩教程,板绘,水彩风景,儿童画,画画教学,木颜色,绘画过程,绘画教学,速画,水彩画,油画棒,学画画,电脑绘画,水彩技法,简笔画,水彩过程,电脑绘图,临摹,如何画,学水彩,头像手绘,ps绘画,速写,丙烯,手绘,绘画,水彩教学,风景画,卡通画
沙画,"沙画表演,沙画婚礼,沙画音乐舞曲,沙画音乐,沙画,沙画歌曲,沙画画,沙画作品",沙画表演,沙画婚礼,沙画音乐舞曲,沙画音乐,沙画,沙画歌曲,沙画画,沙画作品,,,,,,,,,,,,,,,,,,,,,,
养生,"健康知识,经络,养命,健康之路,养颜,健康好生活,脾胃,养生保健,医学科普,穴位,营养百科,美容养颜,健康两点灵,健康20,健康二点灵,高血压,血瘀,保健,食疗,健康2点灵,中医养生,养生知识,身体健康,郑凯云,谈古论今话中医,健康养生站,排毒,淤血,健康饮食,降血压",健康知识,经络,养命,健康之路,养颜,健康好生活,脾胃,养生保健,医学科普,穴位,营养百科,美容养颜,健康两点灵,健康20,健康二点灵,高血压,血瘀,保健,食疗,健康2点灵,中医养生,养生知识,身体健康,郑凯云,谈古论今话中医,健康养生站,排毒,淤血,健康饮食,降血压
两性健康,"两性问题,情慾,情感咨询,两性知识,恋爱问题,第三者,锺情,晨哥恋爱课堂,婚姻问题,两性话题,两性,湿吻,感情问题,恋爱技巧,偷情,一夜情,性爱,调情,把妹达人,断联,挑逗,婚外情,挽回",两性问题,情慾,情感咨询,两性知识,恋爱问题,第三者,锺情,晨哥恋爱课堂,婚姻问题,两性话题,两性,湿吻,感情问题,恋爱技巧,偷情,一夜情,性爱,调情,把妹达人,断联,挑逗,婚外情,挽回,,,,,,,
心理健康,"心理测验,心理咨询,心理辅导,情绪病,人生方向",心理测验,心理咨询,心理辅导,情绪病,人生方向,,,,,,,,,,,,,,,,,,,,,,,,,
疾病,"医学科普,健康2点灵,健康知识,高血压,健康二点灵,经络,营养百科,健康20,健康之路,穴位,健康好生活,健康两点灵,郑凯云,养命,养生保健,肿瘤,心脏,三高,降血压,养生知识,血压高,美容养颜,医疗知识,心血管疾病,脾胃,中医养生,卫教,疾病,养颜,保健",医学科普,健康2点灵,健康知识,高血压,健康二点灵,经络,营养百科,健康20,健康之路,穴位,健康好生活,健康两点灵,郑凯云,养命,养生保健,肿瘤,心脏,三高,降血压,养生知识,血压高,美容养颜,医疗知识,心血管疾病,脾胃,中医养生,卫教,疾病,养颜,保健
癌症,"胃癌,胰脏癌,淋巴癌,血癌,子宫颈癌,甲状腺癌,肝癌,肠癌,食道癌,前列腺癌,鼻咽癌,皮肤癌,大肠癌,卵巢癌,肺癌,肿瘤,癌症饮食,摄护腺癌,骨癌,防癌,致癌,肺腺癌",胃癌,胰脏癌,淋巴癌,血癌,子宫颈癌,甲状腺癌,肝癌,肠癌,食道癌,前列腺癌,鼻咽癌,皮肤癌,大肠癌,卵巢癌,肺癌,肿瘤,癌症饮食,摄护腺癌,骨癌,防癌,致癌,肺腺癌,,,,,,,,
艾滋病,"潜伏期,病毒感染,艾滋病",潜伏期,病毒感染,艾滋病,,,,,,,,,,,,,,,,,,,,,,,,,,,
超级病毒,"新型病毒,病毒感染,疫情爆发",新型病毒,病毒感染,疫情爆发,,,,,,,,,,,,,,,,,,,,,,,,,,,
牙科,"マウスピース矫正,审美歯科,小児歯科,矫正歯科,口腔リハビリ,口臭予防,歯石,虫歯,歯周病,牙科,口腔体操,隐适美,歯列矫正,牙齿矫正,隐形矫正,入れ歯,歯槽脓漏,牙医,植牙,歯并び,美白牙齿,歯石とり,根管治疗,歯科助手,隐形牙套,予防歯科,牙齿,出っ歯,整牙,むし歯",マウスピース矫正,审美歯科,小児歯科,矫正歯科,口腔リハビリ,口臭予防,歯石,虫歯,歯周病,牙科,口腔体操,隐适美,歯列矫正,牙齿矫正,隐形矫正,入れ歯,歯槽脓漏,牙医,植牙,歯并び,美白牙齿,歯石とり,根管治疗,歯科助手,隐形牙套,予防歯科,牙齿,出っ歯,整牙,むし歯
肩颈腰椎,"変形性膝関节症,股関节痛,椎间板ヘルニア,寝违え,坐骨神経痛,仙肠関节,脊柱管狭窄症,腰椎分离症,膝の痛み,筋膜,反り腰,腰椎椎间板ヘルニア,首コリ,驼背,x脚,膝痛,藤井翔悟,ギックリ腰,产后骨盘矫正,変形性股関节症,ぎっくり腰,腰が痛い,骨盆,肩が痛い,肩甲骨はがし,股関节の痛み,腰酸背痛,腰痛改善,圆肩,五十肩",変形性膝関节症,股関节痛,椎间板ヘルニア,寝违え,坐骨神経痛,仙肠関节,脊柱管狭窄症,腰椎分离症,膝の痛み,筋膜,反り腰,腰椎椎间板ヘルニア,首コリ,驼背,x脚,膝痛,藤井翔悟,ギックリ腰,产后骨盘矫正,変形性股関节症,ぎっくり腰,腰が痛い,骨盆,肩が痛い,肩甲骨はがし,股関节の痛み,腰酸背痛,腰痛改善,圆肩,五十肩
狗狗,"狗狗搞笑,边牧,小奶猫,汪星人,柯基犬,金毛,黄金猎犬,萨摩耶,小短腿,泰迪,金毛犬,玛尔济斯,二哈,狗叫声,神犬,贵宾狗,萨摩耶犬,训狗,拉布拉多",狗狗搞笑,边牧,小奶猫,汪星人,柯基犬,金毛,黄金猎犬,萨摩耶,小短腿,泰迪,金毛犬,玛尔济斯,二哈,狗叫声,神犬,贵宾狗,萨摩耶犬,训狗,拉布拉多,,,,,,,,,,,
猫咪,"猫日记,猫日常,喵皇,小奶猫,短毛猫,小短腿,短腿猫,猫主子,小花猫,猫叫声,猫乐园,猫皇,英短,奶猫,折耳猫,猫星人,养猫知识,新手养猫,橘猫,三猫,宠物猫,美国短毛猫,吸猫",猫日记,猫日常,喵皇,小奶猫,短毛猫,小短腿,短腿猫,猫主子,小花猫,猫叫声,猫乐园,猫皇,英短,奶猫,折耳猫,猫星人,养猫知识,新手养猫,橘猫,三猫,宠物猫,美国短毛猫,吸猫,,,,,,,
仓鼠,"小仓鼠,养仓鼠,仓鼠养殖,仓鼠开箱,仓鼠怎么养,仓鼠吃什么,仓鼠人,宠物仓鼠,可爱的仓鼠人,仓鼠,配粮",小仓鼠,养仓鼠,仓鼠养殖,仓鼠开箱,仓鼠怎么养,仓鼠吃什么,仓鼠人,宠物仓鼠,可爱的仓鼠人,仓鼠,配粮,,,,,,,,,,,,,,,,,,,
观赏鱼,"观赏鱼,过背金龙,龙鱼,养鱼,龙鱼缸,大型鱼,淡水鱼,水草缸,出目金,宠物鱼,孔雀鱼,水晶虾,古代鱼,东锦,和金,血红龙,オランダ狮子头,鱼缸,水族,水族箱,朱文金,红龙鱼,琉金,海水鱼,水草,観赏鱼,日淡,水草水槽,稚鱼,桜锦",观赏鱼,过背金龙,龙鱼,养鱼,龙鱼缸,大型鱼,淡水鱼,水草缸,出目金,宠物鱼,孔雀鱼,水晶虾,古代鱼,东锦,和金,血红龙,オランダ狮子头,鱼缸,水族,水族箱,朱文金,红龙鱼,琉金,海水鱼,水草,観赏鱼,日淡,水草水槽,稚鱼,桜锦
鸟类,"八哥鸟,八哥鸟说话,八哥鸟叫声,八哥鸟叫声的什么样,玩鸟,八哥鸟叫声的什么样,玩鸟",八哥鸟,八哥鸟说话,八哥鸟叫声,八哥鸟叫声的什么样,玩鸟,八哥鸟叫声的什么样,玩鸟,,,,,,,,,,,,,,,,,,,,,,,
爬行动物,,,,,,,,,,,,,,,,,,,,,,,,,,,,,,,
宠物用品,"猫日常,喵皇,猫日记,小奶猫,宠物鲜食,短腿猫,猫主子,英短,小短腿,短毛猫,奶猫,新手养猫,猫皇,招牌猫,边牧,宠物日常,小花猫,折耳猫,汪星人,养猫知识,金毛犬,橘猫,养宠物,猫乐园,美短",猫日常,喵皇,猫日记,小奶猫,宠物鲜食,短腿猫,猫主子,英短,小短腿,短毛猫,奶猫,新手养猫,猫皇,招牌猫,边牧,宠物日常,小花猫,折耳猫,汪星人,养猫知识,金毛犬,橘猫,养宠物,猫乐园,美短,,,,,
玄学,"命理知识,八字教学,事业运,工作运,玄空,偏财,属相,阳宅,工作运势,运程,卜卦,改运,算卦",命理知识,八字教学,事业运,工作运,玄空,偏财,属相,阳宅,工作运势,运程,卜卦,改运,算卦,,,,,,,,,,,,,,,,,
命理,"命理知识,紫微,事业运,占星,紫微斗数,命理,命盘,命理老师,爱情占卜,塔罗占卜",命理知识,紫微,事业运,占星,紫微斗数,命理,命盘,命理老师,爱情占卜,塔罗占卜,,,,,,,,,,,,,,,,,,,,
星座,"双子座,射手座,处女座,天秤座,金牛座,白羊座,巨蟹座,天蠍座,天蝎座,摩羯座,双鱼座,牡羊座,金牛女,狮子座,水瓶座,魔羯座,双子男,水瓶女,水瓶男,处女男,处女女,金牛男,双子女,星座运势,狮子男,星座配对,乙女座,山羊座,天秤男,巨蟹男",双子座,射手座,处女座,天秤座,金牛座,白羊座,巨蟹座,天蠍座,天蝎座,摩羯座,双鱼座,牡羊座,金牛女,狮子座,水瓶座,魔羯座,双子男,水瓶女,水瓶男,处女男,处女女,金牛男,双子女,星座运势,狮子男,星座配对,乙女座,山羊座,天秤男,巨蟹男
生肖,"生肖牛,生肖虎,生肖蛇,生肖兔,生肖鼠,生肖猴,生肖龙,生肖羊,属相,生肖马,生肖鸡,生肖狗,生肖运势,星座生肖,生肖,生肖运程",生肖牛,生肖虎,生肖蛇,生肖兔,生肖鼠,生肖猴,生肖龙,生肖羊,属相,生肖马,生肖鸡,生肖狗,生肖运势,星座生肖,生肖,生肖运程,,,,,,,,,,,,,,
风水,"阳宅,风水教学,奇门遁甲,奇门,风水大师",阳宅,风水教学,奇门遁甲,奇门,风水大师,,,,,,,,,,,,,,,,,,,,,,,,,
健身计划,"健身入门,人鱼线,健身干货,燃脂,减肥操,快速减肥,川字线,健力,增肌,塑形,减肥瘦身,瘦腰,私人教练,塑身,徒手健身,无氧运动,减脂增肌,燃烧脂肪,运动损伤,瘦肚子,无氧,瘦小腹,三角肌,减脂,蝴蝶袖,肌肥大,提臀,瘦身操,拉伸,饮食控制",健身入门,人鱼线,健身干货,燃脂,减肥操,快速减肥,川字线,健力,增肌,塑形,减肥瘦身,瘦腰,私人教练,塑身,徒手健身,无氧运动,减脂增肌,燃烧脂肪,运动损伤,瘦肚子,无氧,瘦小腹,三角肌,减脂,蝴蝶袖,肌肥大,提臀,瘦身操,拉伸,饮食控制
健身技巧,"健力,卧推,私人教练,重量训练,三角肌,硬举,健身入门,肌肥大,人鱼线,三头肌,徒手健身,体能训练,硬拉,健美,川字线,重训,二头肌,蜜桃臀,斜方肌,举重,胸肌,力量训练,暴力上槓,肌力,无氧运动,卧举,健身教学,蝴蝶袖,拉伸,练腹肌",健力,卧推,私人教练,重量训练,三角肌,硬举,健身入门,肌肥大,人鱼线,三头肌,徒手健身,体能训练,硬拉,健美,川字线,重训,二头肌,蜜桃臀,斜方肌,举重,胸肌,力量训练,暴力上槓,肌力,无氧运动,卧举,健身教学,蝴蝶袖,拉伸,练腹肌
健身器材,健力腰带,健力腰带,,,,,,,,,,,,,,,,,,,,,,,,,,,,,
健身食谱,"健康饮食,低醣,饮食控制,减脂餐,减肥饮食,生酮,健身饮食,低碳饮食,减肥食谱,瘦身饮食,减脂饮食,瘦身餐,减肥餐,健康餐",健康饮食,低醣,饮食控制,减脂餐,减肥饮食,生酮,健身饮食,低碳饮食,减肥食谱,瘦身饮食,减脂饮食,瘦身餐,减肥餐,健康餐,,,,,,,,,,,,,,,,
瑜伽,"瑜伽动作,瑜伽课程,塑身,瑜珈教学",瑜伽动作,瑜伽课程,塑身,瑜珈教学,,,,,,,,,,,,,,,,,,,,,,,,,,
普拉提,"塑形,塑身",塑形,塑身,,,,,,,,,,,,,,,,,,,,,,,,,,,,
太极拳,"太极剑,内家拳,推手,陈氏太极拳,八卦掌,八极拳,杨式太极,太极刀,太极拳,长拳,螳螂拳,形意拳,拳法,南拳,散手,擒拿,熊养和",太极剑,内家拳,推手,陈氏太极拳,八卦掌,八极拳,杨式太极,太极刀,太极拳,长拳,螳螂拳,形意拳,拳法,南拳,散手,擒拿,熊养和,,,,,,,,,,,,,
健身操,"健身操,瘦身操,燃脂,减肥操,减肥舞,健身舞,瘦身舞,塑形,减肥瘦身,塑身,快速减肥,华美舞动,瘦腰,燃烧脂肪,健康舞",健身操,瘦身操,燃脂,减肥操,减肥舞,健身舞,瘦身舞,塑形,减肥瘦身,塑身,快速减肥,华美舞动,瘦腰,燃烧脂肪,健康舞,,,,,,,,,,,,,,,
肩部训练,练肩膀,练肩膀,,,,,,,,,,,,,,,,,,,,,,,,,,,,,
瘦手臂,"三头肌,减手臂操加强版,瘦手臂操,修手臂,二头肌,瘦手臂,燃烧脂肪",三头肌,减手臂操加强版,瘦手臂操,修手臂,二头肌,瘦手臂,燃烧脂肪,,,,,,,,,,,,,,,,,,,,,,,
相亲节目,"非常完美,完美邂逅,网恋,相亲节目",非常完美,完美邂逅,网恋,相亲节目,,,,,,,,,,,,,,,,,,,,,,,,,,
情感调解,"涂磊,情感咨询,两性问题,爱情保卫战,婚姻问题,恋爱问题,晨哥恋爱课堂,恋爱技巧,第三者,情感问题,挽回,婚姻保卫战,网恋,金牌调解,和睦关系,两性,正缘,锺情,感情问题,心机女,文森老师,婆媳,搭讪大师,婚恋专家",涂磊,情感咨询,两性问题,爱情保卫战,婚姻问题,恋爱问题,晨哥恋爱课堂,恋爱技巧,第三者,情感问题,挽回,婚姻保卫战,网恋,金牌调解,和睦关系,两性,正缘,锺情,感情问题,心机女,文森老师,婆媳,搭讪大师,婚恋专家,,,,,,
医疗纪实,生命缘btv,生命缘btv,,,,,,,,,,,,,,,,,,,,,,,,,,,,,
两性关系,"恋爱技巧,暗恋,第三者,恋爱问题,婚姻问题,晨哥恋爱课堂,追女生,断联,把妹达人,单恋,感情问题,情感咨询,小老弟,网恋,挽回,两性问题,湿吻,撩汉,心机婊,挽回爱情,两性,脱单,撩妹技巧,正缘,搭讪大师,办公室恋情,聊天技巧,女生暗示,男女朋友",恋爱技巧,暗恋,第三者,恋爱问题,婚姻问题,晨哥恋爱课堂,追女生,断联,把妹达人,单恋,感情问题,情感咨询,小老弟,网恋,挽回,两性问题,湿吻,撩汉,心机婊,挽回爱情,两性,脱单,撩妹技巧,正缘,搭讪大师,办公室恋情,聊天技巧,女生暗示,男女朋友,
励志鸡汤,"心灵语坊,心旅行,心灵享宴,心灵飨宴,心灵小语,天使心,心灵勇者,心灵天使,人生心灵小语,励志小语,心灵活水,心灵之旅,六子心世界,励志文章,心灵勇气,心灵点滴,心灵判官,心灵捕手,惜缘语坊,心灵语录,心灵投手,危险心灵,励志的话,好文",心灵语坊,心旅行,心灵享宴,心灵飨宴,心灵小语,天使心,心灵勇者,心灵天使,人生心灵小语,励志小语,心灵活水,心灵之旅,六子心世界,励志文章,心灵勇气,心灵点滴,心灵判官,心灵捕手,惜缘语坊,心灵语录,心灵投手,危险心灵,励志的话,好文,,,,,,
单身主义,"暧味,脱单",暧味,脱单,,,,,,,,,,,,,,,,,,,,,,,,,,,,
萌娃,萌宝,萌宝,,,,,,,,,,,,,,,,,,,,,,,,,,,,,
怀孕,"孕期,备孕,新手妈妈,新手爸妈,坐月子,孕妇,叶酸,新生儿,亲餵,孕妈,妇产科,月子中心,育儿知识,产妇,母婴,月子餐,妈妈手册,医师好辣,怀孕,哺乳,待产,育婴,育儿日记,待产包,大肚,新手爸爸,小宝宝",孕期,备孕,新手妈妈,新手爸妈,坐月子,孕妇,叶酸,新生儿,亲餵,孕妈,妇产科,月子中心,育儿知识,产妇,母婴,月子餐,妈妈手册,医师好辣,怀孕,哺乳,待产,育婴,育儿日记,待产包,大肚,新手爸爸,小宝宝,,,
育儿,"早教,幼教,教育孩子,育儿知识,科学育儿,幼儿教育,儿歌童谣,儿童故事,学前教育,育婴,育儿日记,母婴,睡前小故事,儿童教育,幼儿,少儿故事,宝宝睡前故事,儿童睡前故事,中文童话故事",早教,幼教,教育孩子,育儿知识,科学育儿,幼儿教育,儿歌童谣,儿童故事,学前教育,育婴,育儿日记,母婴,睡前小故事,儿童教育,幼儿,少儿故事,宝宝睡前故事,儿童睡前故事,中文童话故事,,,,,,,,,,,
备孕,"备孕,孕期,分娩,胎动,お产,阵痛,妊娠后期,帝王切开,育儿知识,孕妈,无痛分娩,妊娠中期,新手妈妈,儿歌大全,犬の胎动,叶酸,月子中心,孕产,产前,新手爸妈,月子餐,妈妈手册,妊娠初期,哺乳,孕产妇,犬の出产,坐月子,亲餵,顺产,新生儿",备孕,孕期,分娩,胎动,お产,阵痛,妊娠后期,帝王切开,育儿知识,孕妈,无痛分娩,妊娠中期,新手妈妈,儿歌大全,犬の胎动,叶酸,月子中心,孕产,产前,新手爸妈,月子餐,妈妈手册,妊娠初期,哺乳,孕产妇,犬の出产,坐月子,亲餵,顺产,新生儿
孕期,"孕期,备孕,新手妈妈,孕妈,叶酸,亲餵,月子中心,新手爸妈,分娩,坐月子,妈妈手册,产妇,新生儿,孕产,产前,育婴,哺乳,妇产科,爸比,母婴,育儿知识,待产,无痛分娩,孕妇,育儿日记,安森,待产包,乳腺炎,月子餐,母婴用品",孕期,备孕,新手妈妈,孕妈,叶酸,亲餵,月子中心,新手爸妈,分娩,坐月子,妈妈手册,产妇,新生儿,孕产,产前,育婴,哺乳,妇产科,爸比,母婴,育儿知识,待产,无痛分娩,孕妇,育儿日记,安森,待产包,乳腺炎,月子餐,母婴用品
胎教,"胎教音乐,妈妈音乐,怀孕音乐,胎教儿歌,宝宝音乐,宝宝睡眠音乐",胎教音乐,妈妈音乐,怀孕音乐,胎教儿歌,宝宝音乐,宝宝睡眠音乐,,,,,,,,,,,,,,,,,,,,,,,,
产后护理,产后瘦身,产后瘦身,,,,,,,,,,,,,,,,,,,,,,,,,,,,,
母婴用品,"新手妈妈,育婴,备孕,新手爸妈,孕期,新生儿,母婴用品,育儿知识,婴幼儿,早教,月子中心,亲餵,幼教,孕妈,尿布,妈妈手册,育儿,辅食,坐月子,餵奶",新手妈妈,育婴,备孕,新手爸妈,孕期,新生儿,母婴用品,育儿知识,婴幼儿,早教,月子中心,亲餵,幼教,孕妈,尿布,妈妈手册,育儿,辅食,坐月子,餵奶,,,,,,,,,,
潜水,"水肺潜水,浮潜,自由潜水,水肺,体验潜水,潜水,自潜",水肺潜水,浮潜,自由潜水,水肺,体验潜水,潜水,自潜,,,,,,,,,,,,,,,,,,,,,,,
游泳,"自由式,蝶式,蛙式,游泳教学,仰式,游泳教练",自由式,蝶式,蛙式,游泳教学,仰式,游泳教练,,,,,,,,,,,,,,,,,,,,,,,,
赛车,"赛车,甩尾,飘移",赛车,甩尾,飘移,,,,,,,,,,,,,,,,,,,,,,,,,,,
羽毛球,"李宗伟,羽毛球,林丹,羽毛球教学,谌龙,羽球技巧,羽毛球技术,羽毛球杀球,羽毛球拍,羽球即时新闻,羽毛球步法,羽球笔记,羽球世锦赛,羽球,羽球排名",李宗伟,羽毛球,林丹,羽毛球教学,谌龙,羽球技巧,羽毛球技术,羽毛球杀球,羽毛球拍,羽球即时新闻,羽毛球步法,羽球笔记,羽球世锦赛,羽球,羽球排名,,,,,,,,,,,,,,,
篮球,"后撤步,篮球教学,灌篮,中国篮球,运球,美国职篮,篮球训练,街头篮球,篮球过人,台湾篮球,晃人,篮球,投篮,哈登,扣篮,过人,nba分析,三分球,字母哥,篮球技巧,篮架,nba操作,花式篮球,林书豪,篮筐终结,跳投,篮球分析,中国男篮",后撤步,篮球教学,灌篮,中国篮球,运球,美国职篮,篮球训练,街头篮球,篮球过人,台湾篮球,晃人,篮球,投篮,哈登,扣篮,过人,nba分析,三分球,字母哥,篮球技巧,篮架,nba操作,花式篮球,林书豪,篮筐终结,跳投,篮球分析,中国男篮,,
足球,"中超,中超联赛,中国足球,西甲,武磊,c罗,英超,国足,梅西,德甲,亚冠,北京国安,足球,上海申花,山东鲁能,大连足球,广州恒大,中国足球超级联赛,曼联,意甲,法甲,上海上港,欧冠,拜仁,内马尔,皇家马德里,男足",中超,中超联赛,中国足球,西甲,武磊,c罗,英超,国足,梅西,德甲,亚冠,北京国安,足球,上海申花,山东鲁能,大连足球,广州恒大,中国足球超级联赛,曼联,意甲,法甲,上海上港,欧冠,拜仁,内马尔,皇家马德里,男足,,,
乒乓球,"乒乓球,乒乓,bb板,bb拍,松平健太",乒乓球,乒乓,bb板,bb拍,松平健太,,,,,,,,,,,,,,,,,,,,,,,,,
网球,"网球,纳达尔,费德勒",网球,纳达尔,费德勒,,,,,,,,,,,,,,,,,,,,,,,,,,,
排球,"女排,中国女排,袁心玥,郎平,朱婷,副攻,极速超跑女排,企业排球联赛,台电女排,运球训练,极速超跑,中华女排,排球,男排",女排,中国女排,袁心玥,郎平,朱婷,副攻,极速超跑女排,企业排球联赛,台电女排,运球训练,极速超跑,中华女排,排球,男排,,,,,,,,,,,,,,,,
台球,"撞球,台球,斯诺克,台球教学,8球,撞球教学,奥沙利文,丁俊晖,台球的技巧,仁杆,台球杆法教学",撞球,台球,斯诺克,台球教学,8球,撞球教学,奥沙利文,丁俊晖,台球的技巧,仁杆,台球杆法教学,,,,,,,,,,,,,,,,,,,
高尔夫球,"高尔夫球,高尔夫球教学,高尔夫,台湾职业高尔夫协会",高尔夫球,高尔夫球教学,高尔夫,台湾职业高尔夫协会,,,,,,,,,,,,,,,,,,,,,,,,,,
橄榄球,橄榄球,橄榄球,,,,,,,,,,,,,,,,,,,,,,,,,,,,,
冰上运动,,,,,,,,,,,,,,,,,,,,,,,,,,,,,,,
田径,"田径,短跑,跳远,立定跳远,跨栏,举重,跳高",田径,短跑,跳远,立定跳远,跨栏,举重,跳高,,,,,,,,,,,,,,,,,,,,,,,
动物竞技,"竞马予想,竞马予想tv,中央竞马,秋华赏,菊花赏,万马券,追い切り,有马记念,重赏,穴马,枠顺,复胜,桜花赏,藤田菜七子,马券,宝冢记念,地方竞马,竞马データ,福永祐一,马连,马券胜负,安田记念,関屋记念,大坂杯,血统,大胜负,武豊,川田将雅,単胜,天皇赏",竞马予想,竞马予想tv,中央竞马,秋华赏,菊花赏,万马券,追い切り,有马记念,重赏,穴马,枠顺,复胜,桜花赏,藤田菜七子,马券,宝冢记念,地方竞马,竞马データ,福永祐一,马连,马券胜负,安田记念,関屋记念,大坂杯,血统,大胜负,武豊,川田将雅,単胜,天皇赏
极限运动,"特技,滑雪特技",特技,滑雪特技,,,,,,,,,,,,,,,,,,,,,,,,,,,,
格斗,"那须川天心,堀口恭司,魔裟斗,合気,朝仓兄弟,武尊,寝技,総合格闘技,拳法,井上尚弥,大山倍达,山本kid,突き,合気道,古武道,朝仓未来,格闘技,女子格闘技,関节技,搏击,异种格闘技",那须川天心,堀口恭司,魔裟斗,合気,朝仓兄弟,武尊,寝技,総合格闘技,拳法,井上尚弥,大山倍达,山本kid,突き,合気道,古武道,朝仓未来,格闘技,女子格闘技,関节技,搏击,异种格闘技,,,,,,,,,
大力士,"大力士,直腿硬举,硬举",大力士,直腿硬举,硬举,,,,,,,,,,,,,,,,,,,,,,,,,,,
棒球,"中田翔,中学野球,硬式,王柏融,プロ野球ニュース,软式野球,大学野球,社会人野球,アマチュア野球,根尾昂,プロ野球スピリッツ,硬式野球,野球选手,安打,久保田スラッガー,山川穂高,日本ハム,草野球",中田翔,中学野球,硬式,王柏融,プロ野球ニュース,软式野球,大学野球,社会人野球,アマチュア野球,根尾昂,プロ野球スピリッツ,硬式野球,野球选手,安打,久保田スラッガー,山川穂高,日本ハム,草野球,,,,,,,,,,,,
柔道,"合気,全日本选抜柔道,柔术,世界柔道団体,合気道,塩田刚三,世界柔道选手権大会,全国少年柔道大会,ブラジリアン柔术,国际柔道,合気会,全日本カデ柔道,全国中学校柔道",合気,全日本选抜柔道,柔术,世界柔道団体,合気道,塩田刚三,世界柔道选手権大会,全国少年柔道大会,ブラジリアン柔术,国际柔道,合気会,全日本カデ柔道,全国中学校柔道,,,,,,,,,,,,,,,,,
武术,"内家拳,八极拳,拳法,八卦掌,中国武术,古武道,中国拳法,推手,剣术,武道,传统武术,古武术,长拳,少林拳,散打,形意拳,大山倍达,剑术,螳螂拳,太极剑,护身术,国术",内家拳,八极拳,拳法,八卦掌,中国武术,古武道,中国拳法,推手,剣术,武道,传统武术,古武术,长拳,少林拳,散打,形意拳,大山倍达,剑术,螳螂拳,太极剑,护身术,国术,,,,,,,,
滑雪,"滑雪教学,双板,单板,滑雪特技,自由式滑雪,滑雪场,中国滑雪,滑雪技巧,滑雪老司机,欧洲滑雪,单板滑雪,滑雪教练,美国滑雪,韩国滑雪,如何滑雪,滑雪,日本滑雪,纽西兰滑雪,澳洲滑雪,雪板,阿尔卑斯山,双板滑雪,纽澳滑雪,二世谷",滑雪教学,双板,单板,滑雪特技,自由式滑雪,滑雪场,中国滑雪,滑雪技巧,滑雪老司机,欧洲滑雪,单板滑雪,滑雪教练,美国滑雪,韩国滑雪,如何滑雪,滑雪,日本滑雪,纽西兰滑雪,澳洲滑雪,雪板,阿尔卑斯山,双板滑雪,纽澳滑雪,二世谷,,,,,,
德州扑克,"德州扑克教学,德州扑克讲解,德州扑克教程,德扑,德州扑克视频,德州扑克入门,德州扑克比赛,现金桌,现金局,传奇扑克,德州扑克解说,德州扑克现金局,德州扑克技巧,德州扑克高手讲解,德州扑克中文解说,德州扑克诈唬,德州扑克,德州扑克偷鸡,德州扑克怎么玩,德扑圈,英国德扑,德州扑克初学",德州扑克教学,德州扑克讲解,德州扑克教程,德扑,德州扑克视频,德州扑克入门,德州扑克比赛,现金桌,现金局,传奇扑克,德州扑克解说,德州扑克现金局,德州扑克技巧,德州扑克高手讲解,德州扑克中文解说,德州扑克诈唬,德州扑克,德州扑克偷鸡,德州扑克怎么玩,德扑圈,英国德扑,德州扑克初学,,,,,,,,
中国象棋,"象棋教学,象棋残局,中国象棋,街头象棋,象棋大师,象棋比赛,象棋高手,象棋解说,象棋骗局,象棋对决,江湖残局,象棋,从宽象棋,象棋讲解,王天一,中国象棋比赛,象棋晋级,棋局分析,公园象棋,许银川,象棋残局分解,象棋解读,象棋教室,象棋古谱,楚河汉界,大师教你学象棋,中国象棋大师,象棋玩法",象棋教学,象棋残局,中国象棋,街头象棋,象棋大师,象棋比赛,象棋高手,象棋解说,象棋骗局,象棋对决,江湖残局,象棋,从宽象棋,象棋讲解,王天一,中国象棋比赛,象棋晋级,棋局分析,公园象棋,许银川,象棋残局分解,象棋解读,象棋教室,象棋古谱,楚河汉界,大师教你学象棋,中国象棋大师,象棋玩法,,
国际象棋,"国际象棋,象棋玩法,国际象棋比赛,象棋教学,象棋博弈,象棋实战,象棋对弈,象棋残局,象棋经典,象棋残棋,象棋必胜走法,象棋比赛,象棋高手,象棋大师,象棋解说,象棋骗局",国际象棋,象棋玩法,国际象棋比赛,象棋教学,象棋博弈,象棋实战,象棋对弈,象棋残局,象棋经典,象棋残棋,象棋必胜走法,象棋比赛,象棋高手,象棋大师,象棋解说,象棋骗局,,,,,,,,,,,,,,
NBA,"哈登,詹姆斯,中国篮球,科比,杜兰特,洛杉矶湖人,奥尼尔,字母哥,湖人,湖人队,库里,乔丹,美国职篮,柯瑞,nba全明星,nba总裁,nba分析",哈登,詹姆斯,中国篮球,科比,杜兰特,洛杉矶湖人,奥尼尔,字母哥,湖人,湖人队,库里,乔丹,美国职篮,柯瑞,nba全明星,nba总裁,nba分析,,,,,,,,,,,,,
相扑,"大相扑,相扑,日本相扑协会,白鹏,土俵,相扑协会,大関,元力士,寝技,日马富士",大相扑,相扑,日本相扑协会,白鹏,土俵,相扑协会,大関,元力士,寝技,日马富士,,,,,,,,,,,,,,,,,,,,
美景,"田园风光,中国乡村,美景,风土人情,乡间,丽江,月隆,美丽的中国风光",田园风光,中国乡村,美景,风土人情,乡间,丽江,月隆,美丽的中国风光,,,,,,,,,,,,,,,,,,,,,,
探险,"探险,廃墟探索,灵异探险,冒险雷探长,探灵,廃墟",探险,廃墟探索,灵异探险,冒险雷探长,探灵,廃墟,,,,,,,,,,,,,,,,,,,,,,,,
旅游攻略,"独自旅行,穷游,房车自驾游,乘房车旅行,房车旅行,徒步旅行,环华十年,摩旅,夫妻旅行,背包客栈,旅行日记,穷游情侣,穷游中国,世界环游,背包旅行,中国旅游,旅行到世界边缘",独自旅行,穷游,房车自驾游,乘房车旅行,房车旅行,徒步旅行,环华十年,摩旅,夫妻旅行,背包客栈,旅行日记,穷游情侣,穷游中国,世界环游,背包旅行,中国旅游,旅行到世界边缘,,,,,,,,,,,,,
穷游,"穷游情侣,独自旅行,穷游,世界环游,环游,自驾游中国,中国自由行,摩旅,旅行到世界边缘,环游中国,川藏线,情侣旅行,中国旅游,环球旅行,夫妻旅行",穷游情侣,独自旅行,穷游,世界环游,环游,自驾游中国,中国自由行,摩旅,旅行到世界边缘,环游中国,川藏线,情侣旅行,中国旅游,环球旅行,夫妻旅行,,,,,,,,,,,,,,,
自驾游,"房车自驾游,房车旅行,房车生活,房车,自驾游中国,摩旅,自动驾,乘房车旅行,月隆,旅行到世界边缘,房车旅游,情侣旅行,川藏线,穷游情侣,夫妻旅行,自驾游,拉萨,猫哥,面包车,中国夫妻,旅途十万里",房车自驾游,房车旅行,房车生活,房车,自驾游中国,摩旅,自动驾,乘房车旅行,月隆,旅行到世界边缘,房车旅游,情侣旅行,川藏线,穷游情侣,夫妻旅行,自驾游,拉萨,猫哥,面包车,中国夫妻,旅途十万里,,,,,,,,,
旅行VLOG,"独自旅行,房车自驾游,房车生活,房车旅行,乘房车旅行,环游,穷游情侣,世界环游,摩旅,沿途,旅行到世界边缘,环游中国,自驾游中国,旅行日记,中国旅游,穷游,拉萨,中国自由行,环球旅行,川藏线,美丽风景,旅途十万里",独自旅行,房车自驾游,房车生活,房车旅行,乘房车旅行,环游,穷游情侣,世界环游,摩旅,沿途,旅行到世界边缘,环游中国,自驾游中国,旅行日记,中国旅游,穷游,拉萨,中国自由行,环球旅行,川藏线,美丽风景,旅途十万里,,,,,,,,
航拍,"空拍中国,航拍中国,dji空拍,中国风景,环游",空拍中国,航拍中国,dji空拍,中国风景,环游,,,,,,,,,,,,,,,,,,,,,,,,,
民宿,"背包客栈,独自旅行,青年旅馆,沙发冲浪",背包客栈,独自旅行,青年旅馆,沙发冲浪,,,,,,,,,,,,,,,,,,,,,,,,,,
游艇,"水肺潜水,海钓,艇钓,自由潜水,浮潜,赏鲸",水肺潜水,海钓,艇钓,自由潜水,浮潜,赏鲸,,,,,,,,,,,,,,,,,,,,,,,,
日本行,"东京旅游,日本必去,日本必食,东京旅游全攻略,日本签证,日本之旅,大坂美食,大坂旅行,东京自由行攻略,贝游日本,日本旅行,大坂旅游,日本游,九州自由行,日本自由行,日本民宿,日本游玩,大坂必吃,日本必玩,日本攻略,东京自由行,日本必吃",东京旅游,日本必去,日本必食,东京旅游全攻略,日本签证,日本之旅,大坂美食,大坂旅行,东京自由行攻略,贝游日本,日本旅行,大坂旅游,日本游,九州自由行,日本自由行,日本民宿,日本游玩,大坂必吃,日本必玩,日本攻略,东京自由行,日本必吃,,,,,,,,
韩国行,"釜山旅行,韩国vlog,釜山グルメ,韩国旅行,韩国必吃,韩国导游,韩国グルメ,韩国旅游,韩国自由行,韩国生活,韩国必去,韩国分享,首尔旅游,韩国ユーチューバー",釜山旅行,韩国vlog,釜山グルメ,韩国旅行,韩国必吃,韩国导游,韩国グルメ,韩国旅游,韩国自由行,韩国生活,韩国必去,韩国分享,首尔旅游,韩国ユーチューバー,,,,,,,,,,,,,,,,
泰国行,"曼谷自由行,泰国自由行,泰国生活,泰国旅游,芭堤雅,曼谷旅游,泰国曼谷,胡慧冲,曼谷美食,泰国美食,曼谷酒店,泰国酒店,泰国旅行,清迈,芭提雅,泰妹,芭达雅,泰国景点,泰国vlog,曼谷,普吉,曼谷景点,曼谷vlog,泰国餐厅",曼谷自由行,泰国自由行,泰国生活,泰国旅游,芭堤雅,曼谷旅游,泰国曼谷,胡慧冲,曼谷美食,泰国美食,曼谷酒店,泰国酒店,泰国旅行,清迈,芭提雅,泰妹,芭达雅,泰国景点,泰国vlog,曼谷,普吉,曼谷景点,曼谷vlog,泰国餐厅,,,,,,
台湾行,"台湾観光,台湾旅行,台北旅行,台湾夜市,台湾自由行,台湾グルメ,台湾旅游,台湾食材,台北観光,台湾韩国,台湾怎么玩,台湾观光,花莲旅游,花莲景点,台湾景点,台湾留学,台湾ツアー,台湾生活,台湾vlog,台中旅游,花莲美食,台湾民宿,外国人在台湾,韩国人在台湾,台北vlog",台湾観光,台湾旅行,台北旅行,台湾夜市,台湾自由行,台湾グルメ,台湾旅游,台湾食材,台北観光,台湾韩国,台湾怎么玩,台湾观光,花莲旅游,花莲景点,台湾景点,台湾留学,台湾ツアー,台湾生活,台湾vlog,台中旅游,花莲美食,台湾民宿,外国人在台湾,韩国人在台湾,台北vlog,,,,,
瑞士行,"瑞士必买,冰河列车,瑞士旅游,瑞士必食,瑞士自由行,策马特,移民瑞士,少女峰,瑞士文化,瑞士生活,瑞士深度游,瑞士港人,铁力士峰,苏黎世,因特拉肯,瑞士天堂,香港人在瑞士,日内瓦,圣加仑,琉森",瑞士必买,冰河列车,瑞士旅游,瑞士必食,瑞士自由行,策马特,移民瑞士,少女峰,瑞士文化,瑞士生活,瑞士深度游,瑞士港人,铁力士峰,苏黎世,因特拉肯,瑞士天堂,香港人在瑞士,日内瓦,圣加仑,琉森,,,,,,,,,,
越南行,"越南旅游,越南自由行,岘港,越南美食,越南岘港,下龙湾,河内,越南,会安,会安古城,巴拿山,胡志明,越南签证,胡志明市,越南美女,越南老婆,越南生活,越南姑娘,越南媳妇,越南旅行",越南旅游,越南自由行,岘港,越南美食,越南岘港,下龙湾,河内,越南,会安,会安古城,巴拿山,胡志明,越南签证,胡志明市,越南美女,越南老婆,越南生活,越南姑娘,越南媳妇,越南旅行,,,,,,,,,,
新西兰行,"纽西兰自驾游,纽西兰旅游,纽西兰美食,新西兰旅行,纽西兰生活,新西兰旅游攻略,新西兰生活,纽西兰跳伞,纽西兰大选,纽西兰必买,纽西兰自助,纽西兰租车,纽西兰打工度假,新西兰留学,南岛,新西兰旅游,纽西兰之旅,奥克兰美食",纽西兰自驾游,纽西兰旅游,纽西兰美食,新西兰旅行,纽西兰生活,新西兰旅游攻略,新西兰生活,纽西兰跳伞,纽西兰大选,纽西兰必买,纽西兰自助,纽西兰租车,纽西兰打工度假,新西兰留学,南岛,新西兰旅游,纽西兰之旅,奥克兰美食,,,,,,,,,,,,
科普,"大胆科学,科学探索,长知识,科学声音,趣味科普,趣味小知识,混乱博物馆,柴知道,科教,科普中国,趣味科普人文,新知,关于地球的事实,科普频道,怪知识,走近科学,科普知识,科学知识,实验科学,科学资讯,宇宙科学",大胆科学,科学探索,长知识,科学声音,趣味科普,趣味小知识,混乱博物馆,柴知道,科教,科普中国,趣味科普人文,新知,关于地球的事实,科普频道,怪知识,走近科学,科普知识,科学知识,实验科学,科学资讯,宇宙科学,,,,,,,,,
前沿科技,"联想,手机测评,笔记本电脑,科学声音,科创,诺基亚,魅族,大胆科学,电子产品,max无限创意,科技测评,电子产品测评,数码,无线电,中国科技,思维实验室,笔记本,努比亚",联想,手机测评,笔记本电脑,科学声音,科创,诺基亚,魅族,大胆科学,电子产品,max无限创意,科技测评,电子产品测评,数码,无线电,中国科技,思维实验室,笔记本,努比亚,,,,,,,,,,,,
天文,"水星,冥王星,恒星,土星,海王星,天王星,行星,银河系,星系,木星,金星,太阳系,中子星,宇宙膨胀,空间站,火星,暗物质,月球,霍金,奇点,宇宙科学,天文,宇航员,外星球,飞船,光年,天文望远镜",水星,冥王星,恒星,土星,海王星,天王星,行星,银河系,星系,木星,金星,太阳系,中子星,宇宙膨胀,空间站,火星,暗物质,月球,霍金,奇点,宇宙科学,天文,宇航员,外星球,飞船,光年,天文望远镜,,,
地理,"地理知识,地质发现,中国地理,地理中国,地理,喀斯特地貌,国家地理,喀纳斯水怪",地理知识,地质发现,中国地理,地理中国,地理,喀斯特地貌,国家地理,喀纳斯水怪,,,,,,,,,,,,,,,,,,,,,,
动物,"熊猫mx,白柴,猫mx,边牧",熊猫mx,白柴,猫mx,边牧,,,,,,,,,,,,,,,,,,,,,,,,,,
植物,"含羞草,草爷,含羞草日记,盆景制作,养花",含羞草,草爷,含羞草日记,盆景制作,养花,,,,,,,,,,,,,,,,,,,,,,,,,
数码资讯,"诺基亚,数码圈,手机测评,科技测评,联想,拆机,手机评测,内存,旗舰手机,小米10,努比亚,电子产品,千元机,5g手机,英特尔,游戏手机,魅族,高通,一加,全面屏,主板",诺基亚,数码圈,手机测评,科技测评,联想,拆机,手机评测,内存,旗舰手机,小米10,努比亚,电子产品,千元机,5g手机,英特尔,游戏手机,魅族,高通,一加,全面屏,主板,,,,,,,,,
智能电视,"小米盒子,电视盒子,办理香港银行卡,奈飞,香港开户,软路由,魅族,香港渣打银行,手机测评,智能电视,网飞,科技测评,联想,老高和小沫,笔记本电脑,双软路由,小米10,5g手机,现场体验,搬瓦工,诺基亚,一加,软件分享,节点,新马中文,全面屏,红米,手机评测,小米手环,处理器",小米盒子,电视盒子,办理香港银行卡,奈飞,香港开户,软路由,魅族,香港渣打银行,手机测评,智能电视,网飞,科技测评,联想,老高和小沫,笔记本电脑,双软路由,小米10,5g手机,现场体验,搬瓦工,诺基亚,一加,软件分享,节点,新马中文,全面屏,红米,手机评测,小米手环,处理器
手机,"手机测评,科技测评,一加,魅族,内存,努比亚,手机评测,联想,笔记本电脑,小米10,诺基亚,处理器,拆机,全面屏,新机,黑鲨,刷机,游戏手机,续航,骁龙,屏幕,5g手机,千元机,双摄",手机测评,科技测评,一加,魅族,内存,努比亚,手机评测,联想,笔记本电脑,小米10,诺基亚,处理器,拆机,全面屏,新机,黑鲨,刷机,游戏手机,续航,骁龙,屏幕,5g手机,千元机,双摄,,,,,,
电脑,"笔记本电脑,硬件,内存,拆机,显卡,主板,装机,游戏本,组装电脑,处理器,努比亚,联想,刷机,笔记本,科技电脑,数码测评,续航,硬盘,科技测评,电脑维修,外设,显示器,电脑",笔记本电脑,硬件,内存,拆机,显卡,主板,装机,游戏本,组装电脑,处理器,努比亚,联想,刷机,笔记本,科技电脑,数码测评,续航,硬盘,科技测评,电脑维修,外设,显示器,电脑,,,,,,,
穿戴设备,"小米手环,科技测评,蓝牙耳机,小米手环5,小米手环4,智能手表",小米手环,科技测评,蓝牙耳机,小米手环5,小米手环4,智能手表,,,,,,,,,,,,,,,,,,,,,,,,
相机,"摄影入门,单反,微单,摄影技巧,摄影知识,摄影教学,尼康,构图,光圈,摄影器材,人像摄影,相机评测,佳能,摄像,快门,摄影讲座,相机,相机推荐,摄影教程,学摄影,手机拍照,单反相机,原来这么拍,清晰度,适马,摄影后期,胶片",摄影入门,单反,微单,摄影技巧,摄影知识,摄影教学,尼康,构图,光圈,摄影器材,人像摄影,相机评测,佳能,摄像,快门,摄影讲座,相机,相机推荐,摄影教程,学摄影,手机拍照,单反相机,原来这么拍,清晰度,适马,摄影后期,胶片,,,
无人机,"大疆,无人机,空摄,摄影教学,大疆无人机,航拍机,航拍vlog",大疆,无人机,空摄,摄影教学,大疆无人机,航拍机,航拍vlog,,,,,,,,,,,,,,,,,,,,,,,
财经资讯,"空头,s&p指数,纳斯达克指数,道琼斯指数,道琼斯,美股崩盘,大盘,投顾,标普500指数,美国股市大盘,期指,美股大盘,期权,指数基金,欧洲央行,牛熊证,窝轮,分析师,恒指,上证指数,中国股市,美国经济,恒生指数,美股空头,股票市场,a股,纳斯达克,标普500,台湾股市,飙股",空头,s&p指数,纳斯达克指数,道琼斯指数,道琼斯,美股崩盘,大盘,投顾,标普500指数,美国股市大盘,期指,美股大盘,期权,指数基金,欧洲央行,牛熊证,窝轮,分析师,恒指,上证指数,中国股市,美国经济,恒生指数,美股空头,股票市场,a股,纳斯达克,标普500,台湾股市,飙股
品牌故事,"品牌历史,企业历史,百强企业,企业故事,世界企业,知名企业,十万个品牌故事,品牌故事,国际企业",品牌历史,企业历史,百强企业,企业故事,世界企业,知名企业,十万个品牌故事,品牌故事,国际企业,,,,,,,,,,,,,,,,,,,,,
财经知识,"吉胖子,投顾,分析师,牛熊证,期指,资产保值,大盘,股市投资,我要做股神,道琼斯,证券,中国股市,恒指,恒生指数,小额投资,窝轮,a股,解盘,个股,美股大盘,技术指标,牛股,程式交易,投资入门,减息,财经新闻,上证指数,经济萧条",吉胖子,投顾,分析师,牛熊证,期指,资产保值,大盘,股市投资,我要做股神,道琼斯,证券,中国股市,恒指,恒生指数,小额投资,窝轮,a股,解盘,个股,美股大盘,技术指标,牛股,程式交易,投资入门,减息,财经新闻,上证指数,经济萧条,,
基金,"空头,指数基金,欧洲央行,s&p指数,道琼斯指数,美国股市大盘,纳斯达克指数,美股崩盘,标普500指数,美股大盘,道琼斯,牛熊证,投顾,nana说美股,资产保值,期指,美股空头,期权,陆股,熊市,恒生指数,上证指数,做空,程式交易,标普500,解盘",空头,指数基金,欧洲央行,s&p指数,道琼斯指数,美国股市大盘,纳斯达克指数,美股崩盘,标普500指数,美股大盘,道琼斯,牛熊证,投顾,nana说美股,资产保值,期指,美股空头,期权,陆股,熊市,恒生指数,上证指数,做空,程式交易,标普500,解盘,,,,
保险,"五险一金,医疗保险,社保,保险,楼市点睇,小司聊理财,养老保险,强积金,中国房地产,经济宏观面,中国gdp,自愿医保,人寿保险,财务规划",五险一金,医疗保险,社保,保险,楼市点睇,小司聊理财,养老保险,强积金,中国房地产,经济宏观面,中国gdp,自愿医保,人寿保险,财务规划,,,,,,,,,,,,,,,,
比特币,"以太币,加密货币,莱特币,币安,比特币,虚拟货币,火币,以太坊,比特币挖矿,比特币交易,瑞波币,币圈,中本聪,比特币行情,比特币钱包,比特币现金,比特币走势,区块链,比特币投资,波场,区块链技术,数字货币,投资比特币,电子货币,孙宇晨,比特币价格,区块链投资",以太币,加密货币,莱特币,币安,比特币,虚拟货币,火币,以太坊,比特币挖矿,比特币交易,瑞波币,币圈,中本聪,比特币行情,比特币钱包,比特币现金,比特币走势,区块链,比特币投资,波场,区块链技术,数字货币,投资比特币,电子货币,孙宇晨,比特币价格,区块链投资,,,
房地产,"美国买房,楼市点睇,卖房,美国房地产,美国豪宅,美国房产,投资房,美国房产投资,学区房,尔湾房产,海外地产,房价2019,看房,洛杉矶买房,洛杉矶地产经纪,自住房,尔湾地产经纪,尔湾买房,休斯顿房产,购屋,房价2020,地产经纪,海外房产,房地产2020,房产经纪人,买屋卖屋,洛杉矶房产",美国买房,楼市点睇,卖房,美国房地产,美国豪宅,美国房产,投资房,美国房产投资,学区房,尔湾房产,海外地产,房价2019,看房,洛杉矶买房,洛杉矶地产经纪,自住房,尔湾地产经纪,尔湾买房,休斯顿房产,购屋,房价2020,地产经纪,海外房产,房地产2020,房产经纪人,买屋卖屋,洛杉矶房产,,,
股票,"空头,美国股市大盘,纳斯达克指数,美股崩盘,美股空头,美股大盘,道琼斯,s&p指数,标普500指数,欧洲央行,指数基金,道琼斯指数,大盘,投顾,分析师,期指,做空美股,期权,标普500,牛熊证,美国股市,上证指数,台湾股市,解盘,陆股,港股分析,恒生指数,纳斯达克,熊市,股票分析",空头,美国股市大盘,纳斯达克指数,美股崩盘,美股空头,美股大盘,道琼斯,s&p指数,标普500指数,欧洲央行,指数基金,道琼斯指数,大盘,投顾,分析师,期指,做空美股,期权,标普500,牛熊证,美国股市,上证指数,台湾股市,解盘,陆股,港股分析,恒生指数,纳斯达克,熊市,股票分析
赚钱,"小额投资,在家赚钱,赚钱项目,网络创业,赚美金,新手理财,网赚美金,youtube赚钱方法,社交媒体行销,手机赚钱,被动收入方法,facebook赚钱,youtube赚钱教程,网络赚钱项目,instagram赚钱,股票赚钱,网赚app,网路赚钱,网赚项目,网络营销,怎么赚钱,生活理财",小额投资,在家赚钱,赚钱项目,网络创业,赚美金,新手理财,网赚美金,youtube赚钱方法,社交媒体行销,手机赚钱,被动收入方法,facebook赚钱,youtube赚钱教程,网络赚钱项目,instagram赚钱,股票赚钱,网赚app,网路赚钱,网赚项目,网络营销,怎么赚钱,生活理财,,,,,,,,
投资,"投资入门,投顾,学习投资,投资教学,牛熊证,期指,分析师,基金投资,股市投资,投资课程,投资股票,投资新手,理财入门,个股,选股技巧,股票入门,赚钱股票",投资入门,投顾,学习投资,投资教学,牛熊证,期指,分析师,基金投资,股市投资,投资课程,投资股票,投资新手,理财入门,个股,选股技巧,股票入门,赚钱股票,,,,,,,,,,,,,
外汇,"外汇保证金,外汇交易,外汇投资,外汇交易平台,外汇入门,外汇教学,外汇课程,外汇技术,外汇分析,外汇,外汇交易策略,外汇市场,外汇平台,外汇技术分析,外汇赚钱,外汇策略,外滙,外汇新手教学,外汇图表,外汇交易平台推荐,外汇经纪商,炒外汇,外汇投资教学,外汇储备,外汇投资圣杯",外汇保证金,外汇交易,外汇投资,外汇交易平台,外汇入门,外汇教学,外汇课程,外汇技术,外汇分析,外汇,外汇交易策略,外汇市场,外汇平台,外汇技术分析,外汇赚钱,外汇策略,外滙,外汇新手教学,外汇图表,外汇交易平台推荐,外汇经纪商,炒外汇,外汇投资教学,外汇储备,外汇投资圣杯,,,,,
宏观经济,"投顾,经济萧条,上证指数,道琼斯,分析师,空头,牛熊证,资产保值,中国股市,陆股,期指,熊市,大盘,经济周期,美股大盘,降息,恒指,美股崩盘,纳斯达克指数,恒生指数,暴跌,金融危机",投顾,经济萧条,上证指数,道琼斯,分析师,空头,牛熊证,资产保值,中国股市,陆股,期指,熊市,大盘,经济周期,美股大盘,降息,恒指,美股崩盘,纳斯达克指数,恒生指数,暴跌,金融危机,,,,,,,,
行销,"社交媒体行销,部落格行销,网路营销,网络营销,社交媒体营销,网络行销,网路行销课程,联盟行销,影片行销,网路行销",社交媒体行销,部落格行销,网路营销,网络营销,社交媒体营销,网络行销,网路行销课程,联盟行销,影片行销,网路行销,,,,,,,,,,,,,,,,,,,,
经济危机,"资产保值,空头,金融危机,经济萧条,美股崩盘,避险资产,美股空头,降息,陆股,欧洲央行,量化宽松,暴跌",资产保值,空头,金融危机,经济萧条,美股崩盘,避险资产,美股空头,降息,陆股,欧洲央行,量化宽松,暴跌,,,,,,,,,,,,,,,,,,
海外置业,"美国买房,美国房产,美国豪宅,美国房地产,休斯顿房产,美国房产投资,洛杉矶买房,美国投资,尔湾房产,洛杉矶地产经纪,尔湾买房,投资房,洛杉矶房产,美国买房注意事项,尔湾地产经纪,休斯顿买房,海外地产,尔湾房产经纪人,美国看房,美国房产经纪,洛杉矶房产经纪,尔湾豪宅",美国买房,美国房产,美国豪宅,美国房地产,休斯顿房产,美国房产投资,洛杉矶买房,美国投资,尔湾房产,洛杉矶地产经纪,尔湾买房,投资房,洛杉矶房产,美国买房注意事项,尔湾地产经纪,休斯顿买房,海外地产,尔湾房产经纪人,美国看房,美国房产经纪,洛杉矶房产经纪,尔湾豪宅,,,,,,,,
期货,"投顾,程式交易,期指,牛熊证,期货交易,量化交易,k线图,期指教学,股票期货,波浪理论,期货",投顾,程式交易,期指,牛熊证,期货交易,量化交易,k线图,期指教学,股票期货,波浪理论,期货,,,,,,,,,,,,,,,,,,,
汽车评测,"汽车测评,汽车评测,汽车之家,汽车知识,美系车,家用车,车评,实拍车,汽车资讯,说车,试车,andy老爹,38号车评中心,国产车,汽车文化,奇瑞,代步车,休旅车,试驾",汽车测评,汽车评测,汽车之家,汽车知识,美系车,家用车,车评,实拍车,汽车资讯,说车,试车,andy老爹,38号车评中心,国产车,汽车文化,奇瑞,代步车,休旅车,试驾,,,,,,,,,,,
修车保养,"汽车保养,养车,汽车维修,汽车评测",汽车保养,养车,汽车维修,汽车评测,,,,,,,,,,,,,,,,,,,,,,,,,,
二手车,"吱道二手车,二手车,认证中古车",吱道二手车,二手车,认证中古车,,,,,,,,,,,,,,,,,,,,,,,,,,,
摩托车,"康康嘴机车,重型机车,重车,电单车,台七乙,杜卡迪,档车,摩托车,轻档车,大型重型机车",康康嘴机车,重型机车,重车,电单车,台七乙,杜卡迪,档车,摩托车,轻档车,大型重型机车,,,,,,,,,,,,,,,,,,,,
汽车改装,"汽车改装,汽车之家,底盘,逗斗车,改装车",汽车改装,汽车之家,底盘,逗斗车,改装车,,,,,,,,,,,,,,,,,,,,,,,,,
汽车知识,"汽车知识,实拍车,美系车,家用车,驾驶技巧,汽车文化,汽车节目,国产车,汽车保养,汽车kol,汽车配置,好车,说车,新车介绍,别克",汽车知识,实拍车,美系车,家用车,驾驶技巧,汽车文化,汽车节目,国产车,汽车保养,汽车kol,汽车配置,好车,说车,新车介绍,别克,,,,,,,,,,,,,,,
汽车资讯,"汽车资讯,汽车知识,汽车之家,美系车,好车,汽车私房话,汽车节目,车评,carplay爱车趣,试车,新车介绍,车讯,李老鼠说车",汽车资讯,汽车知识,汽车之家,美系车,好车,汽车私房话,汽车节目,车评,carplay爱车趣,试车,新车介绍,车讯,李老鼠说车,,,,,,,,,,,,,,,,,
汽车展,"车模,车展",车模,车展,,,,,,,,,,,,,,,,,,,,,,,,,,,,
自行车,"自転车竞技,公路车,ロードバイク女子,单车,自行车,弥彦竞轮,电动自転车",自転车竞技,公路车,ロードバイク女子,单车,自行车,弥彦竞轮,电动自転车,,,,,,,,,,,,,,,,,,,,,,,
新能源汽车,"蔚来,比亚迪,特斯拉model,新能源汽车,电动汽车,混动,特斯拉自动驾驶",蔚来,比亚迪,特斯拉model,新能源汽车,电动汽车,混动,特斯拉自动驾驶,,,,,,,,,,,,,,,,,,,,,,,
试驾,"汽车测评,试车,车评,新车试驾,试驾",汽车测评,试车,车评,新车试驾,试驾,,,,,,,,,,,,,,,,,,,,,,,,,
豪车,"超跑,宝马,奥迪",超跑,宝马,奥迪,,,,,,,,,,,,,,,,,,,,,,,,,,,
军事解说,"军事新闻,央视军事,中国军事,军事频道,军事科技,军事报道,军事节目,cctv军事,张召忠说,军迷天下,军事动态,军备,国际军事,军情解码,军事装备,军队建设,军演,张召忠,军事武器,武器装备,军事解说,国防建设,国内军事",军事新闻,央视军事,中国军事,军事频道,军事科技,军事报道,军事节目,cctv军事,张召忠说,军迷天下,军事动态,军备,国际军事,军情解码,军事装备,军队建设,军演,张召忠,军事武器,武器装备,军事解说,国防建设,国内军事,,,,,,,
纪实,"军演,中国军人,中国军事,军事报道,cctv军事,军事频道,军事装备,军事节目,军迷天下,军事行动,武器装备,八路军",军演,中国军人,中国军事,军事报道,cctv军事,军事频道,军事装备,军事节目,军迷天下,军事行动,武器装备,八路军,,,,,,,,,,,,,,,,,,
军情,"军事新闻,军情,军事报道,央视军事,军情观察室,军事动态,军情解码,军事频道,张召忠说,军队建设,军迷天下,军事知识,国内军事,军备",军事新闻,军情,军事报道,央视军事,军情观察室,军事动态,军情解码,军事频道,张召忠说,军队建设,军迷天下,军事知识,国内军事,军备,,,,,,,,,,,,,,,,
武器,"狙击枪,武器介绍,三级甲,枪械,步枪,战列舰,核武器,驱逐舰",狙击枪,武器介绍,三级甲,枪械,步枪,战列舰,核武器,驱逐舰,,,,,,,,,,,,,,,,,,,,,,
演讲,"ted解说,ted出品,马云演讲,思维格局",ted解说,ted出品,马云演讲,思维格局,,,,,,,,,,,,,,,,,,,,,,,,,,
职场,"管理学,商学院,商业思维,产品经理,自我管理,人际沟通,陌生开发,算法,职业规划,简历,运营,自我提升,人际,公众演说,成功人士,成功学,如何成功,代码,销售技巧,求职,营销,编程",管理学,商学院,商业思维,产品经理,自我管理,人际沟通,陌生开发,算法,职业规划,简历,运营,自我提升,人际,公众演说,成功人士,成功学,如何成功,代码,销售技巧,求职,营销,编程,,,,,,,,
公开课,"中国语讲座,中国语教室",中国语讲座,中国语教室,,,,,,,,,,,,,,,,,,,,,,,,,,,,
学科,"学科,国中数学,化学基础,理化,理科,化学,高校物理,物理基础,工学,参考书,大学数学,物理,高校数学,図形,高校化学",学科,国中数学,化学基础,理化,理科,化学,高校物理,物理基础,工学,参考书,大学数学,物理,高校数学,図形,高校化学,,,,,,,,,,,,,,,
心理学,"人际沟通,心理学入门,心理咨询,自我疗癒,女人心理学,男人心理学,社会心理学,动画心理学,吸引力法则,人格特质,人际互动,谘商,人生方向",人际沟通,心理学入门,心理咨询,自我疗癒,女人心理学,男人心理学,社会心理学,动画心理学,吸引力法则,人格特质,人际互动,谘商,人生方向,,,,,,,,,,,,,,,,,
K12,"儿童动画,学前教育,儿童教育,儿童启蒙,幼儿教育,儿童英语,儿童歌曲,儿歌童谣,经典童谣,少儿动画,早教,儿童卡通,儿童故事,幼教,儿童用动画,教育孩子,儿童视频,幼儿动画,儿童睡前故事,中文卡通,睡前小故事,幼儿英语,智慧卡通,英语启蒙,幼儿用动画,教育漫画,中文童话故事,国语卡通,幼儿童谣,中文故事",儿童动画,学前教育,儿童教育,儿童启蒙,幼儿教育,儿童英语,儿童歌曲,儿歌童谣,经典童谣,少儿动画,早教,儿童卡通,儿童故事,幼教,儿童用动画,教育孩子,儿童视频,幼儿动画,儿童睡前故事,中文卡通,睡前小故事,幼儿英语,智慧卡通,英语启蒙,幼儿用动画,教育漫画,中文童话故事,国语卡通,幼儿童谣,中文故事
高考,"大学入试,参考书,难関大学,高校受験,模试,大学受験,东工大,受験対策,微分,二次试験,中学受験,一般入试,高専,中学数学,入试",大学入试,参考书,难関大学,高校受験,模试,大学受験,东工大,受験対策,微分,二次试験,中学受験,一般入试,高専,中学数学,入试,,,,,,,,,,,,,,,
留学,"欧洲留学,英国留学,加拿大留学,英国生活,打工游学,语言考试,留学日常,留学vlog,留学生vlog,托福,留学分享,雅思,英国大学,美国大学生活,留美,留学的真相,英国留学生活,英国游学,英国留学生,游学,英国大学生活,美国工作签证,西班牙留学",欧洲留学,英国留学,加拿大留学,英国生活,打工游学,语言考试,留学日常,留学vlog,留学生vlog,托福,留学分享,雅思,英国大学,美国大学生活,留美,留学的真相,英国留学生活,英国游学,英国留学生,游学,英国大学生活,美国工作签证,西班牙留学,,,,,,,
时间管理,"学习力,时间管理,时间规划,拖延症,自我管理,拖延,自控力",学习力,时间管理,时间规划,拖延症,自我管理,拖延,自控力,,,,,,,,,,,,,,,,,,,,,,,
考研,"考研,副学士,升学,海外升学,张雪峰,硕士,奖学金,学士",考研,副学士,升学,海外升学,张雪峰,硕士,奖学金,学士,,,,,,,,,,,,,,,,,,,,,,
公务员,"最终面接,面接対策,公务员试験,逆质,新卒,消防官,既卒,司法试験,人材派遣",最终面接,面接対策,公务员试験,逆质,新卒,消防官,既卒,司法试験,人材派遣,,,,,,,,,,,,,,,,,,,,,
学习技巧,"学习技巧,托福,写作,指考,学习力,语言考试,学习方式,读书心得,读书方法,语言加分,速读,学习方法,英文口说,雅思,音标,雅思词汇,中学教育,英语考试,单字",学习技巧,托福,写作,指考,学习力,语言考试,学习方式,读书心得,读书方法,语言加分,速读,学习方法,英文口说,雅思,音标,雅思词汇,中学教育,英语考试,单字,,,,,,,,,,,
创业,"网络创业,赚钱项目,创业项目,网上创业,youtube创业",网络创业,赚钱项目,创业项目,网上创业,youtube创业,,,,,,,,,,,,,,,,,,,,,,,,,
自媒体,微博自媒体,微博自媒体,,,,,,,,,,,,,,,,,,,,,,,,,,,,,
软件教学,"免费翻墙vpn软件,翻墙方法,电脑翻墙,安卓翻墙,翻墙app,vpn翻墙,免费翻墙工具,翻墙软件,翻墙教程,翻墙工具,ssr搭建,翻墙vpn,免费翻墙,手机翻墙,科学上网ssr,vpn软件,免费vps,科学上网2020,vpn节点",免费翻墙vpn软件,翻墙方法,电脑翻墙,安卓翻墙,翻墙app,vpn翻墙,免费翻墙工具,翻墙软件,翻墙教程,翻墙工具,ssr搭建,翻墙vpn,免费翻墙,手机翻墙,科学上网ssr,vpn软件,免费vps,科学上网2020,vpn节点,,,,,,,,,,,
阅读,"有声读物,有声小说,听书,深夜读书,读书心得,评书,每天听本书,言情小说,美文,陪你读书,听小说,速读,有声书,从心阅读,读书分享,听书世界,小说推荐,名著,读册,阅读,故事汇,樊登读书,畅销书,有声故事,故事分享,中文故事",有声读物,有声小说,听书,深夜读书,读书心得,评书,每天听本书,言情小说,美文,陪你读书,听小说,速读,有声书,从心阅读,读书分享,听书世界,小说推荐,名著,读册,阅读,故事汇,樊登读书,畅销书,有声故事,故事分享,中文故事,,,,
英语,"英语词汇,生活英语,实用英语,英语单词,旅游英语,留学英语,英语发音,初级英语,常用英文,美式英语,初级英文,英语听力,英语课程,英语文法,英语口语,英文文法,学习英文,英语短语,英语单词学习,基础英文,旅行英文,英语会话,学英语会话,英语语法,学习英语,日常英语,基础英语,英语句子,英语课,英文单字",英语词汇,生活英语,实用英语,英语单词,旅游英语,留学英语,英语发音,初级英语,常用英文,美式英语,初级英文,英语听力,英语课程,英语文法,英语口语,英文文法,学习英文,英语短语,英语单词学习,基础英文,旅行英文,英语会话,学英语会话,英语语法,学习英语,日常英语,基础英语,英语句子,英语课,英文单字
韩语,"韩语学习,韩语自学,学习韩语,学韩语,韩语口语,韩语教学,韩文教学,韩语入门,自学韩语,韩文学习,韩语发音,韩语会话,自学韩文,韩语帮帮忙,韩语,基础韩语,韩国语讲座,学韩文,韩文,韩文文法,韩国ユーチューバー,初级韩语",韩语学习,韩语自学,学习韩语,学韩语,韩语口语,韩语教学,韩文教学,韩语入门,自学韩语,韩文学习,韩语发音,韩语会话,自学韩文,韩语帮帮忙,韩语,基础韩语,韩国语讲座,学韩文,韩文,韩文文法,韩国ユーチューバー,初级韩语,,,,,,,,
日语,"日语会话,大家的日本语,日语教学,日文会话,日语发音,学日语,日语文法,学习日语,日文学习,学日文,日文教学,日文文法,日文检定,基础日语,简单日语,みんなの日本语,日文自学,基础日文,日语学习,自学日文,日语教程,日文家教,日文五十音,日语检定,日语课程,日文老师,初级日语",日语会话,大家的日本语,日语教学,日文会话,日语发音,学日语,日语文法,学习日语,日文学习,学日文,日文教学,日文文法,日文检定,基础日语,简单日语,みんなの日本语,日文自学,基础日文,日语学习,自学日文,日语教程,日文家教,日文五十音,日语检定,日语课程,日文老师,初级日语,,,
汉语,"汉语学习,中文学习视频,汉语教学,基础中文,中文学习,中文入门,对外汉语教学示范课,少儿中文,中文口语,对外汉语,幼児中国语,学汉语,中文课,キッズ中国语,教中文,中国语学习,外国人学中文,汉语,こども中国语,声调,中国语会话,中国语讲座,成语大全,中国语発音,汉语国际教育,中国留学,成语故事,中国语入门,繁体字",汉语学习,中文学习视频,汉语教学,基础中文,中文学习,中文入门,对外汉语教学示范课,少儿中文,中文口语,对外汉语,幼児中国语,学汉语,中文课,キッズ中国语,教中文,中国语学习,外国人学中文,汉语,こども中国语,声调,中国语会话,中国语讲座,成语大全,中国语発音,汉语国际教育,中国留学,成语故事,中国语入门,繁体字,
法语,"法语教学,法语,学法语,法语入门,学法文,法文,法语会话,法国留学,法语初级,法语学习,法语口语,学习法语,自学法语,法语发音,基础法语,法语课程,法语听力,说法语,法语语法,法文教学,学法文看法国,法语对话,芊芊的法国生活,法语视频",法语教学,法语,学法语,法语入门,学法文,法文,法语会话,法国留学,法语初级,法语学习,法语口语,学习法语,自学法语,法语发音,基础法语,法语课程,法语听力,说法语,法语语法,法文教学,学法文看法国,法语对话,芊芊的法国生活,法语视频,,,,,,
考古,"古墓,考古纪录片,考古学家,考古现场,考古发现,考古进行时,发掘,考古学,古墓龙,考古知识,盗墓",古墓,考古纪录片,考古学家,考古现场,考古发现,考古进行时,发掘,考古学,古墓龙,考古知识,盗墓,,,,,,,,,,,,,,,,,,,
历史揭秘,"历史揭秘,真相揭秘,秘闻,未解之谜,奇案,混乱博物馆,探秘,离奇案件",历史揭秘,真相揭秘,秘闻,未解之谜,奇案,混乱博物馆,探秘,离奇案件,,,,,,,,,,,,,,,,,,,,,,
历史知识,"讲历史,趣味历史,秘闻,野史,百家讲坛,历史人物,最牛历史老师,历史典故,中国古代,关羽,三国历史,历史文化,汉朝,历史故事,中国历史,明朝那些事,中国朝代,三国志11",讲历史,趣味历史,秘闻,野史,百家讲坛,历史人物,最牛历史老师,历史典故,中国古代,关羽,三国历史,历史文化,汉朝,历史故事,中国历史,明朝那些事,中国朝代,三国志11,,,,,,,,,,,,
历史故事,"关羽,周瑜,赵云,诸葛亮,三国志14,阿舜,马超,韩信,孙权,干将,三国历史,袁绍,三国志11,百家讲坛,张飞,貂蝉,三国演义,刘备,趣味历史",关羽,周瑜,赵云,诸葛亮,三国志14,阿舜,马超,韩信,孙权,干将,三国历史,袁绍,三国志11,百家讲坛,张飞,貂蝉,三国演义,刘备,趣味历史,,,,,,,,,,,
历史纪录片,"历史纪录片推荐,有趣的纪录片,人文纪录片推荐,好看的纪录片,纪录片之家,大医本草堂mx,高分纪录片,纪录片在线,经典纪录片,诗词品鉴坊mx,历史mx,企业历史,考古纪录片,中国纪录片推荐",历史纪录片推荐,有趣的纪录片,人文纪录片推荐,好看的纪录片,纪录片之家,大医本草堂mx,高分纪录片,纪录片在线,经典纪录片,诗词品鉴坊mx,历史mx,企业历史,考古纪录片,中国纪录片推荐,,,,,,,,,,,,,,,,
博物馆,"循迹,圆明园,紫禁城,讲历史",循迹,圆明园,紫禁城,讲历史,,,,,,,,,,,,,,,,,,,,,,,,,,
民俗文化,"风土人情,传统节日,民风,风俗文化,风土民情,中华文明,民族文化,饕饕,蚕桑文化,民俗风情,苗族",风土人情,传统节日,民风,风俗文化,风土民情,中华文明,民族文化,饕饕,蚕桑文化,民俗风情,苗族,,,,,,,,,,,,,,,,,,,
中国古代,"讲历史,中国古代,趣味历史,历史人物,三国历史,汉朝,中国朝代,野史,百家讲坛,西汉,人文科学,历史故事,中国历史,三国志14,三国志11,东汉,古代历史,三国演义,明朝那些事,历史文化,关羽,两汉",讲历史,中国古代,趣味历史,历史人物,三国历史,汉朝,中国朝代,野史,百家讲坛,西汉,人文科学,历史故事,中国历史,三国志14,三国志11,东汉,古代历史,三国演义,明朝那些事,历史文化,关羽,两汉,,,,,,,,
战争,"八路军,抗日战争,女特工,日军,特种兵,共军,抗战,中国军人,谍战剧,战争剧,中国军队,军旅,抗战剧,军事新闻,军事装备,军事科技,军情,军事报道,军事演习,长征,军事动态",八路军,抗日战争,女特工,日军,特种兵,共军,抗战,中国军人,谍战剧,战争剧,中国军队,军旅,抗战剧,军事新闻,军事装备,军事科技,军情,军事报道,军事演习,长征,军事动态,,,,,,,,,
鉴宝,"鉴宝,华山论鉴,收藏节目,华豫之门",鉴宝,华山论鉴,收藏节目,华豫之门,,,,,,,,,,,,,,,,,,,,,,,,,,
艺术,"临摹,人文艺术,绘画教程,绘画教学,山水画,国画,行为艺术,速画,儿童画,绘画过程,当代艺术,水彩教程,学画画,画画教学,工笔,油画棒,速写,简笔画,水墨,水彩技法,木颜色,水彩风景,板绘,水墨画,毛笔字,学水彩",临摹,人文艺术,绘画教程,绘画教学,山水画,国画,行为艺术,速画,儿童画,绘画过程,当代艺术,水彩教程,学画画,画画教学,工笔,油画棒,速写,简笔画,水墨,水彩技法,木颜色,水彩风景,板绘,水墨画,毛笔字,学水彩,,,,
说书,"评书,听书,四大名著,说书,老梁,说书人,文森说书",评书,听书,四大名著,说书,老梁,说书人,文森说书,,,,,,,,,,,,,,,,,,,,,,,
匠人,"匠人,工匠,手艺人,匠心,摆件,传统工艺,手艺,传统手艺,雕刻,皮具,工艺品,皮匠,木制品,鲁班锁,木匠,编绳,榫卯",匠人,工匠,手艺人,匠心,摆件,传统工艺,手艺,传统手艺,雕刻,皮具,工艺品,皮匠,木制品,鲁班锁,木匠,编绳,榫卯,,,,,,,,,,,,,
古董,"中国文物,中国国宝,国家宝藏,历史学家,文物,考古学家,青铜器,中华国宝,如果国宝会说话,考古进行时,玉器,考古纪录片,古墓,字画,百家讲坛,书画,镇馆之宝,古玩,华豫之门,镇馆之宝第四季",中国文物,中国国宝,国家宝藏,历史学家,文物,考古学家,青铜器,中华国宝,如果国宝会说话,考古进行时,玉器,考古纪录片,古墓,字画,百家讲坛,书画,镇馆之宝,古玩,华豫之门,镇馆之宝第四季,,,,,,,,,,
小说,"有声小说,言情小说,小说推荐,总裁小说,听小说,有声读物,玄幻武侠,听书世界,豪门恩怨,2020动漫,听书,言情,有声,网络小说,宠妻,有声故事,漫漫声工坊,热门有声小说,免费小说,玄幻小说,动态漫画,小说剧,youtube有声小说,爱情小说",有声小说,言情小说,小说推荐,总裁小说,听小说,有声读物,玄幻武侠,听书世界,豪门恩怨,2020动漫,听书,言情,有声,网络小说,宠妻,有声故事,漫漫声工坊,热门有声小说,免费小说,玄幻小说,动态漫画,小说剧,youtube有声小说,爱情小说,,,,,,
书画,"诗书画,诗书画最新,书画,中国水墨画鉴赏,笔墨文化",诗书画,诗书画最新,书画,中国水墨画鉴赏,笔墨文化,,,,,,,,,,,,,,,,,,,,,,,,,
书法,"行书,习字,楷书,草书,书道家,美文字,硬笔,毛笔字,临书,书法教学,篆书,隶书,书法,书道,手本,书法家,习字教室,毛笔,硬笔书法,书家,赵孟頫,书法入门,书写",行书,习字,楷书,草书,书道家,美文字,硬笔,毛笔字,临书,书法教学,篆书,隶书,书法,书道,手本,书法家,习字教室,毛笔,硬笔书法,书家,赵孟頫,书法入门,书写,,,,,,,
建筑,"建筑士,高断热,和风建筑,建设会社,建筑,住宅设计,神建筑,耐震,建筑讲座,施工管理,1级建筑士,新筑住宅,建筑学生",建筑士,高断热,和风建筑,建设会社,建筑,住宅设计,神建筑,耐震,建筑讲座,施工管理,1级建筑士,新筑住宅,建筑学生,,,,,,,,,,,,,,,,,
行为艺术,行为艺术,行为艺术,,,,,,,,,,,,,,,,,,,,,,,,,,,,,
国学,"国学,论语,老子,儒家,蒋勋,元曲,国学经典,四书,宋词,孔子,道德经,人文科学,中国文学,庄子,诗经,孟子,儒学,周易,金刚经,历史典故,南怀瑾,专题片,国学启蒙",国学,论语,老子,儒家,蒋勋,元曲,国学经典,四书,宋词,孔子,道德经,人文科学,中国文学,庄子,诗经,孟子,儒学,周易,金刚经,历史典故,南怀瑾,专题片,国学启蒙,,,,,,,
雕塑,雕塑,雕塑,,,,,,,,,,,,,,,,,,,,,,,,,,,,,
戏剧,"戏剧,绯闻,戏曲,歌舞,南华儒剧社,豫剧,潮州戏,二人转",戏剧,绯闻,戏曲,歌舞,南华儒剧社,豫剧,潮州戏,二人转,,,,,,,,,,,,,,,,,,,,,,
戏曲,"豫剧,越剧,黄梅戏,戏曲,评剧,戏曲名段,戏曲频道,cctv戏曲,河北梆子,京剧,秦腔,粤剧,京剧选段,黄梅戏选段,潮剧,戏曲名家,豫剧选段,吕剧,谭富英,梨园闯关我挂帅,裘盛戎,曲艺,评剧选段,潮州戏,央视戏曲,潮剧全剧",豫剧,越剧,黄梅戏,戏曲,评剧,戏曲名段,戏曲频道,cctv戏曲,河北梆子,京剧,秦腔,粤剧,京剧选段,黄梅戏选段,潮剧,戏曲名家,豫剧选段,吕剧,谭富英,梨园闯关我挂帅,裘盛戎,曲艺,评剧选段,潮州戏,央视戏曲,潮剧全剧,,,,
宗教,"查经,耶和华,神学,讲道,圣灵,证道,基督,敬拜,赞美,耶稣基督,讚美,耶稣,默想,主日,救恩,基督教歌曲,恩雨之声,宣教,上帝,十字架,天父,召会,圣洁",查经,耶和华,神学,讲道,圣灵,证道,基督,敬拜,赞美,耶稣基督,讚美,耶稣,默想,主日,救恩,基督教歌曲,恩雨之声,宣教,上帝,十字架,天父,召会,圣洁,,,,,,,
儿童节目,"儿童节目,少儿节目,小制作,中文童话故事,睡前小故事,儿童视频,早教",儿童节目,少儿节目,小制作,中文童话故事,睡前小故事,儿童视频,早教,,,,,,,,,,,,,,,,,,,,,,,
儿童玩具,"自制玩具,乐高玩具,金属球棒,金属骑士,亲子玩具,儿童玩具,奥特曼军团,益智玩具,汽车玩具,奥特曼,玩具评测,乐高积木,积木玩具,迪迦奥特曼,玩玩具,乐高",自制玩具,乐高玩具,金属球棒,金属骑士,亲子玩具,儿童玩具,奥特曼军团,益智玩具,汽车玩具,奥特曼,玩具评测,乐高积木,积木玩具,迪迦奥特曼,玩玩具,乐高,,,,,,,,,,,,,,
儿童游戏,"益智游戏,儿童游戏,玩玩具,过家家游戏",益智游戏,儿童游戏,玩玩具,过家家游戏,,,,,,,,,,,,,,,,,,,,,,,,,,
儿童动画,"翼龙妈咪,儿童动画,小猪佩奇,宝宝巴士,玩具故事,儿童启蒙,粉红猪小妹,玛莎与熊,佩佩猪,经典儿歌,佩奇,刷牙歌,智慧卡通",翼龙妈咪,儿童动画,小猪佩奇,宝宝巴士,玩具故事,儿童启蒙,粉红猪小妹,玛莎与熊,佩佩猪,经典儿歌,佩奇,刷牙歌,智慧卡通,,,,,,,,,,,,,,,,,
童话故事,"儿童睡前故事,儿童故事,中文童话故事,睡前小故事,中文故事,中文童话,宝宝睡前故事,睡前故事,幼儿故事,少儿故事,寓言故事,童话故事,晚安故事,睡前故事大全,卡通故事,儿童故事粤语,儿童动画,智慧卡通,成语故事,儿童童话故事,儿童卡通,宝宝故事",儿童睡前故事,儿童故事,中文童话故事,睡前小故事,中文故事,中文童话,宝宝睡前故事,睡前故事,幼儿故事,少儿故事,寓言故事,童话故事,晚安故事,睡前故事大全,卡通故事,儿童故事粤语,儿童动画,智慧卡通,成语故事,儿童童话故事,儿童卡通,宝宝故事,,,,,,,,
儿歌,"儿歌童谣,儿童歌曲,经典童谣,中文儿歌,儿童动画,教育漫画,儿歌,刷牙歌,儿歌大全,英文儿歌,儿歌三百首,宝宝巴士,幼儿歌曲,幼儿童谣,贝瓦儿歌,儿童视频,儿歌串烧,经典儿歌,儿歌合集,儿童儿歌,儿童童谣,小儿歌",儿歌童谣,儿童歌曲,经典童谣,中文儿歌,儿童动画,教育漫画,儿歌,刷牙歌,儿歌大全,英文儿歌,儿歌三百首,宝宝巴士,幼儿歌曲,幼儿童谣,贝瓦儿歌,儿童视频,儿歌串烧,经典儿歌,儿歌合集,儿童儿歌,儿童童谣,小儿歌,,,,,,,,
早教,"早教,幼儿教育,儿童启蒙,儿童英语,幼教,儿童教育,幼儿英语,学前教育,幼儿,英文启蒙,儿童视频,启蒙,英语启蒙",早教,幼儿教育,儿童启蒙,儿童英语,幼教,儿童教育,幼儿英语,学前教育,幼儿,英文启蒙,儿童视频,启蒙,英语启蒙,,,,,,,,,,,,,,,,,

主题,补充tags,,,
东南亚娱乐,,,,
芭蕾舞,,,,
摇滚,,,,
饮品,,,,
转笔,,,,
爬行动物,,,,
冰上运动,,,,
